{"dTheta_dt_convergence":{"size":27395,"path":"media/images/dTheta_dt_convergence_5_a682ed0a388fd3b28f4d.png","format":"png","width":1000,"height":600,"caption":"dTheta_dt Convergence","_type":"image-file","sha256":"a682ed0a388fd3b28f4d4fc620fde7d77cfd45fd885f1759fe253b531dd8f56b"},"dGamma_dt_error_mean":-0.002720737130578871,"dTheta_dt_best_complexity":3,"eq_dgamma_dt_final":"complexity                                                       5\nloss                                                      0.000551\nscore                                                     0.000052\nequation                                (1.4295685e-5 * (x1 - x8))\nsympy_format                     1.4295685e-5*x1 - 1.4295685e-5*x8\nlambda_format    PySRFunction(X=>1.4295685e-5*x1 - 1.4295685e-5...\nName: 2, dtype: object","dGamma_dt_error_min":-0.19891673411569205,"dGamma_dt_best_complexity":5,"_runtime":174.027705063,"_timestamp":1.7445658298395185e+09,"_wandb":{"runtime":174},"dGamma_dt_error_max":0.13273411914689967,"feature_usage_dtheta_dt/x16":1,"dTheta_dt_error_mean":-0.009559153519242716,"dTheta_dt_error_median":-0.003641108520911718,"eq_dtheta_dt_final":"complexity                                     3\nloss                                    0.001616\nscore                                   0.330315\nequation                      (0.05744005 * x16)\nsympy_format                      0.05744005*x16\nlambda_format    PySRFunction(X=>0.05744005*x16)\nName: 1, dtype: object","dTheta_dt_error_hist":{"values":[24,18,29,8,24,17,3,10,51,58,37,33,32,22,11,9,7,7,24,37,38,48,47,87,44,25,34,28,19,14,13,3,3,4,8,6,6,3,7,6,0,3,0,1,1,0,1,1,1,1,1,1,6,5,4,2,2,0,2,0,1,1,1,2],"bins":[-0.0958904508241728,-0.09133695369719937,-0.08678345657022593,-0.0822299594432525,-0.07767646231627906,-0.07312296518930564,-0.0685694680623322,-0.06401597093535877,-0.05946247380838533,-0.0549089766814119,-0.05035547955443846,-0.045801982427465034,-0.0412484853004916,-0.03669498817351816,-0.032141491046544735,-0.0275879939195713,-0.023034496792597864,-0.01848099966562443,-0.013927502538650993,-0.009374005411677558,-0.0048205082847041225,-0.00026701115773070105,0.004286485969242734,0.00883998309621617,0.013393480223189605,0.01794697735016304,0.022500474477136476,0.02705397160410991,0.03160746873108333,0.03616096585805678,0.0407144629850302,0.04526796011200365,0.049821457238977074,0.054374954365950495,0.058928451492923944,0.06348194861989737,0.06803544574687082,0.07258894287384424,0.07714244000081769,0.08169593712779111,0.08624943425476456,0.09080293138173798,0.0953564285087114,0.09990992563568485,0.10446342276265827,0.10901691988963172,0.11357041701660514,0.11812391414357859,0.12267741127055201,0.12723090839752543,0.13178440552449888,0.1363379026514723,0.14089139977844575,0.14544489690541917,0.14999839403239262,0.15455189115936607,0.15910538828633947,0.16365888541331292,0.16821238254028636,0.17276587966725976,0.1773193767942332,0.18187287392120666,0.1864263710481801,0.1909798681751535,0.19553336530212698],"_type":"histogram"},"dGamma_dt_error_hist":{"_type":"histogram","values":[3,2,3,3,1,2,2,2,2,2,1,6,7,6,8,2,3,18,11,10,12,4,5,8,9,10,23,26,16,17,18,8,14,16,27,35,76,75,80,59,49,20,14,6,3,1,3,1,5,5,7,13,37,17,14,9,7,3,17,23,15,13,14,13],"bins":[-0.19891673411569205,-0.19373468953346407,-0.18855264495123605,-0.18337060036900807,-0.17818855578678006,-0.17300651120455207,-0.1678244666223241,-0.1626424220400961,-0.1574603774578681,-0.15227833287564008,-0.1470962882934121,-0.1419142437111841,-0.13673219912895612,-0.1315501545467281,-0.12636810996450012,-0.12118606538227213,-0.11600402080004413,-0.11082197621781613,-0.10563993163558813,-0.10045788705336015,-0.09527584247113215,-0.09009379788890415,-0.08491175330667616,-0.07972970872444816,-0.07454766414222017,-0.06936561955999218,-0.06418357497776417,-0.059001530395536184,-0.0538194858133082,-0.048637441231080186,-0.0434553966488522,-0.03827335206662419,-0.033091307484396204,-0.02790926290216822,-0.022727218319940207,-0.017545173737712222,-0.01236312915548421,-0.0071810845732562245,-0.0019990399910282397,0.003183004591199773,0.008365049173427758,0.013547093755655742,0.018729138337883755,0.02391118292011174,0.029093227502339725,0.03427527208456774,0.03945731666679572,0.044639361249023735,0.04982140583125172,0.055003450413479704,0.06018549499570769,0.06536753957793573,0.07054958416016371,0.0757316287423917,0.08091367332461968,0.08609571790684767,0.09127776248907565,0.0964598070713037,0.10164185165353168,0.10682389623575966,0.11200594081798765,0.11718798540021563,0.12237002998244367,0.12755207456467166,0.13273411914689967]},"dGamma_dt_error_std":0.06759125357205997,"dTheta_dt_error_min":-0.0958904508241728,"r2_score_dgamma_dt":-0.010860160622109039,"dGamma_dt_convergence":{"format":"png","width":1000,"height":600,"caption":"dGamma_dt Convergence","_type":"image-file","sha256":"863a1fa8a99dc42fc3e11b428f286f93557db0a2dd5b075ffff861775d4c9e9d","size":21245,"path":"media/images/dGamma_dt_convergence_6_863a1fa8a99dc42fc3e1.png"},"dTheta_dt_error_std":0.05212323628414315,"dTheta_dt_error_max":0.19553336530212698,"_step":6,"r2_score_dtheta_dt":-0.09899654542354819,"dGamma_dt_error_median":-0.003274126743607682,"dTheta_dt_scatter":{"path":"media/images/dTheta_dt_scatter_1_00ee194dfb51727fe2c3.png","format":"png","width":640,"height":480,"caption":"dTheta_dt","_type":"image-file","sha256":"00ee194dfb51727fe2c36bd9521d9160c1c48b7ae624c7f767cf98a7e870aa8c","size":45521},"dGamma_dt_scatter":{"width":640,"height":480,"caption":"dGamma_dt","_type":"image-file","sha256":"114470257a0d1e041b721cd43c3b85c2b324f40fa42aa65340e7cef39d875ae4","size":43258,"path":"media/images/dGamma_dt_scatter_2_114470257a0d1e041b72.png","format":"png"}}