{"dGamma_dt_error_min":-0.26894828732928516,"dTheta_dt_error_std":0.09214228785075743,"Number of Training Samples":5335,"dGamma_dt_error_hist":{"values":[20,9,11,10,10,10,9,9,10,11,12,11,10,10,11,13,10,13,10,10,10,10,9,10,11,11,10,10,12,11,11,12,13,14,14,19,59,51,128,6,6,7,6,8,7,7,8,8,9,10,11,14,15,16,26,26,17,15,12,12,12,13,12,14],"bins":[-0.26894828732928516,-0.26191879415880776,-0.2548893009883303,-0.24785980781785288,-0.24083031464737545,-0.233800821476898,-0.2267713283064206,-0.21974183513594317,-0.21271234196546573,-0.20568284879498833,-0.1986533556245109,-0.19162386245403346,-0.18459436928355605,-0.1775648761130786,-0.17053538294260118,-0.16350588977212377,-0.15647639660164633,-0.1494469034311689,-0.1424174102606915,-0.13538791709021405,-0.12835842391973662,-0.12132893074925921,-0.11429943757878178,-0.10726994440830434,-0.10024045123782693,-0.0932109580673495,-0.08618146489687206,-0.07915197172639463,-0.07212247855591722,-0.06509298538543978,-0.05806349221496235,-0.05103399904448494,-0.044004505874007505,-0.03697501270353007,-0.02994551953305266,-0.022916026362575226,-0.015886533192097818,-0.008857040021620355,-0.0018275468511429471,0.005201946319334461,0.012231439489811924,0.01926093266028933,0.02629042583076674,0.0333199190012442,0.04034941217172161,0.04737890534219902,0.05440839851267648,0.06143789168315389,0.0684673848536313,0.07549687802410876,0.08252637119458617,0.08955586436506363,0.09658535753554104,0.10361485070601845,0.11064434387649591,0.11767383704697332,0.12470333021745073,0.1317328233879282,0.1387623165584056,0.145791809728883,0.15282130289936047,0.15985079606983787,0.16688028924031528,0.17390978241079275,0.18093927558127013],"_type":"histogram"},"r2_score_dtheta_dt":-9.850294558852163,"dTheta_dt_error_min":-0.216430686048591,"dGamma_dt_error_max":0.18093927558127013,"_wandb":{"runtime":554},"r2_score_dgamma_dt":-1.99343539726872,"dGamma_dt_best_complexity":8,"feature_usage_dtheta_dt/x11":1,"dGamma_dt_error_std":0.11973770834289732,"eq_dgamma_dt_final":"complexity                                                       8\nloss                                                      0.002229\nscore                                                     0.156565\nequation         ((0.025460673 * (square(x5) - x11)) - 0.024591...\nsympy_format     -0.025460673*x11 + 0.025460673*x5**2 - 0.02459...\nlambda_format    PySRFunction(X=>-0.025460673*x11 + 0.025460673...\nName: 6, dtype: object","dTheta_dt_error_median":-0.050265286990662114,"_timestamp":1.7458398512575173e+09,"dGamma_dt_convergence":{"width":1000,"height":600,"caption":"dGamma_dt Convergence","_type":"image-file","sha256":"af8d6442d971cc67b877dd87c729fe91e66ea90fd8bd1773ebbaacf270478545","size":27965,"path":"media/images/dGamma_dt_convergence_5_af8d6442d971cc67b877.png","format":"png"},"dTheta_dt_convergence":{"path":"media/images/dTheta_dt_convergence_4_f50446a1b179701e34a2.png","format":"png","width":1000,"height":600,"caption":"dTheta_dt Convergence","_type":"image-file","sha256":"f50446a1b179701e34a2e6d691ccca58c00d06ef035c838466060c0054cea367","size":28201},"_step":5,"eq_dtheta_dt_final":"complexity                                                       8\nloss                                                      0.002075\nscore                                                     0.164665\nequation              (abs(-0.062499296 * x11) * (x6 - 0.3343871))\nsympy_format                 0.062499296*(x6 - 0.3343871)*Abs(x11)\nlambda_format    PySRFunction(X=>0.062499296*(x6 - 0.3343871)*A...\nName: 6, dtype: object","dTheta_dt_error_mean":-0.07598066319682825,"dTheta_dt_error_max":0.04639732113710021,"_runtime":553.608929348,"feature_usage_dtheta_dt/x6":1,"dGamma_dt_error_median":-0.008155443378052872,"dTheta_dt_scatter":{"path":"media/images/dTheta_dt_scatter_0_1dfeba2a98a2e7581ab1.png","format":"png","width":640,"height":480,"caption":"dTheta_dt","_type":"image-file","sha256":"1dfeba2a98a2e7581ab1f3a61e3ee029d8ec3270eebafd4ed41ced667b12b62b","size":38645},"dGamma_dt_scatter":{"caption":"dGamma_dt","_type":"image-file","sha256":"12b3acff0559a145f5e5d9cef4813eb70b0c59771f4d28ca978045e48fcbe0dc","size":42656,"path":"media/images/dGamma_dt_scatter_1_12b3acff0559a145f5e5.png","format":"png","width":640,"height":480},"dTheta_dt_best_complexity":8,"dTheta_dt_error_hist":{"values":[23,23,12,16,22,29,71,21,12,11,8,9,8,9,8,9,8,12,18,28,22,7,12,8,5,7,5,5,5,5,3,3,2,5,4,4,3,2,3,2,3,2,2,2,2,2,1,2,2,3,3,2,127,50,122,14,11,10,11,12,14,15,20,40],"bins":[-0.216430686048591,-0.21232399843631458,-0.20821731082403816,-0.20411062321176174,-0.20000393559948532,-0.19589724798720887,-0.19179056037493245,-0.18768387276265602,-0.1835771851503796,-0.17947049753810318,-0.17536380992582676,-0.17125712231355034,-0.1671504347012739,-0.1630437470889975,-0.15893705947672104,-0.15483037186444462,-0.1507236842521682,-0.14661699663989178,-0.14251030902761536,-0.1384036214153389,-0.1342969338030625,-0.13019024619078606,-0.12608355857850964,-0.12197687096623322,-0.1178701833539568,-0.11376349574168038,-0.10965680812940395,-0.10555012051712752,-0.1014434329048511,-0.09733674529257468,-0.09323005768029824,-0.08912337006802182,-0.0850166824557454,-0.08090999484346897,-0.07680330723119255,-0.07269661961891613,-0.06858993200663971,-0.06448324439436326,-0.06037655678208684,-0.056269869169810416,-0.052163181557533994,-0.04805649394525757,-0.04394980633298115,-0.03984311872070473,-0.03573643110842828,-0.03162974349615186,-0.027523055883875436,-0.023416368271599014,-0.019309680659322592,-0.01520299304704617,-0.011096305434769749,-0.006989617822493327,-0.002882930210216905,0.0012237574020595443,0.005330445014335966,0.009437132626612388,0.01354382023888881,0.01765050785116523,0.021757195463441653,0.025863883075718075,0.029970570687994524,0.03407725830027092,0.03818394591254737,0.04229063352482376,0.04639732113710021],"_type":"histogram"},"dGamma_dt_error_mean":-0.02714645226699367,"Number of Features":12}