Complexity,Loss,Equation
1,0.99991876,"torque"
3,0.6553455,"(v_surge_l * 0.010146481)"
7,0.5938342,"((0.43788034 - (-0.013945298 * v_surge)) / 1.7395887)"
