{"dTheta_dt_error_max":0.03375206412458222,"dGamma_dt_error_mean":0.0007314826001328319,"_timestamp":1.7447253271514091e+09,"dTheta_dt_error_std":0.009232751211681822,"dTheta_dt_error_mean":0.014565868416056615,"feature_usage_dtheta_dt/x4":1,"eq_dtheta_dt_final":"complexity                                     3\nloss                                    0.000181\nscore                                   0.114213\nequation                      (x4 * 0.006807525)\nsympy_format                      0.006807525*x4\nlambda_format    PySRFunction(X=>0.006807525*x4)\nName: 1, dtype: object","Number of Features":18,"r2_score_dtheta_dt":-1.2703982971645114,"_runtime":160.937587746,"dTheta_dt_error_median":0.012063741373899456,"dTheta_dt_error_hist":{"bins":[0,0.0005273760019465972,0.0010547520038931943,0.0015821280058397915,0.0021095040077863886,0.0026368800097329856,0.003164256011679583,0.0036916320136261803,0.004219008015572777,0.004746384017519374,0.005273760019465971,0.005801136021412569,0.006328512023359166,0.006855888025305763,0.007383264027252361,0.007910640029198958,0.008438016031145554,0.008965392033092151,0.009492768035038748,0.010020144036985345,0.010547520038931942,0.011074896040878541,0.011602272042825138,0.012129648044771735,0.012657024046718332,0.013184400048664929,0.013711776050611526,0.014239152052558122,0.014766528054504721,0.015293904056451318,0.015821280058397915,0.01634865606034451,0.01687603206229111,0.017403408064237708,0.017930784066184303,0.0184581600681309,0.018985536070077497,0.019512912072024095,0.02004028807397069,0.02056766407591729,0.021095040077863884,0.021622416079810483,0.022149792081757082,0.022677168083703677,0.023204544085650276,0.02373192008759687,0.02425929608954347,0.024786672091490065,0.025314048093436663,0.025841424095383262,0.026368800097329857,0.026896176099276456,0.02742355210122305,0.02795092810316965,0.028478304105116245,0.029005680107062844,0.029533056109009442,0.030060432110956038,0.030587808112902636,0.03111518411484923,0.03164256011679583,0.03216993611874243,0.03269731212068902,0.03322468812263562,0.03375206412458222],"_type":"histogram","values":[4,1,5,1,2,1,1,2,1,5,5,6,5,5,12,10,5,4,5,2,5,4,2,4,2,3,3,4,2,3,2,3,1,1,1,2,1,1,1,1,1,3,7,14,4,2,1,1,1,1,1,1,0,1,1,1,1,1,2,1,2,2,2,7]},"r2_score_dgamma_dt":0.9868780052733688,"dGamma_dt_error_max":0.005379397771368061,"dGamma_dt_error_hist":{"bins":[-0.004928803745790383,-0.004767738097084783,-0.004606672448379182,-0.004445606799673581,-0.0042845411509679805,-0.00412347550226238,-0.003962409853556779,-0.0038013442048511785,-0.0036402785561455778,-0.003479212907439977,-0.0033181472587343764,-0.0031570816100287757,-0.002996015961323175,-0.0028349503126175743,-0.0026738846639119736,-0.002512819015206373,-0.0023517533665007723,-0.0021906877177951716,-0.002029622069089571,-0.0018685564203839702,-0.0017074907716783695,-0.0015464251229727688,-0.0013853594742671681,-0.0012242938255615675,-0.0010632281768559668,-0.0009021625281503661,-0.0007410968794447654,-0.0005800312307391647,-0.000418965582033564,-0.00025789993332796333,-9.683428462236264e-05,6.423136408323805e-05,0.00022529701278883874,0.0003863626614944394,0.0005474283102000401,0.0007084939589056408,0.0008695596076112415,0.0010306252563168422,0.0011916909050224429,0.0013527565537280435,0.0015138222024336442,0.001674887851139245,0.0018359534998448456,0.0019970191485504463,0.002158084797256047,0.0023191504459616477,0.0024802160946672484,0.002641281743372849,0.0028023473920784497,0.0029634130407840513,0.003124478689489651,0.003285544338195251,0.0034466099869008525,0.003607675635606454,0.003768741284312054,0.003929806933017654,0.004090872581723255,0.004251938230428857,0.004413003879134457,0.0045740695278400564,0.004735135176545658,0.0048962008252512595,0.005057266473956859,0.005218332122662459,0.005379397771368061],"_type":"histogram","values":[1,2,3,4,0,3,4,8,5,6,4,0,1,1,0,0,1,1,0,1,0,0,1,0,0,0,1,0,0,0,5,7,10,2,8,12,5,5,1,2,2,1,2,1,1,8,7,4,4,6,6,5,8,5,2,4,3,4,4,2,2,0,0,1]},"_wandb":{"runtime":161},"dGamma_dt_error_min":-0.004928803745790383,"dTheta_dt_best_complexity":3,"dGamma_dt_error_std":0.002842682809302246,"Number of Training Samples":349,"dGamma_dt_scatter":{"path":"media/images/dGamma_dt_scatter_1_e6557681ac458b0aa076.png","format":"png","width":640,"height":480,"caption":"dGamma_dt","_type":"image-file","sha256":"e6557681ac458b0aa0766e439304c0de9581498e124939c6e913bc9dcedc93e5","size":34652},"dGamma_dt_best_complexity":5,"dTheta_dt_convergence":{"height":600,"caption":"dTheta_dt Convergence","_type":"image-file","sha256":"50910c6a22010d5309d0564d3879e70e1f126c66e99fbc0d222a4a7ab5b17af3","size":23699,"path":"media/images/dTheta_dt_convergence_4_50910c6a22010d5309d0.png","format":"png","width":1000},"dTheta_dt_scatter":{"size":43859,"path":"media/images/dTheta_dt_scatter_0_ab2f0ddd0642c701b144.png","format":"png","width":640,"height":480,"caption":"dTheta_dt","_type":"image-file","sha256":"ab2f0ddd0642c701b144758c95d638fbdb8f0cb2938ab1e7b2fa84e618f1507a"},"dGamma_dt_convergence":{"sha256":"01c089ff73458adcce0b972d153b23da97b98f7b01aad3a49f6e1e0edf844808","size":28128,"path":"media/images/dGamma_dt_convergence_5_01c089ff73458adcce0b.png","format":"png","width":1000,"height":600,"caption":"dGamma_dt Convergence","_type":"image-file"},"_step":5,"dTheta_dt_error_min":0,"eq_dgamma_dt_final":"complexity                                                      5\nloss                                                     0.000294\nscore                                                    0.652033\nequation                              ((x17 - x15) * -0.46789807)\nsympy_format                      0.46789807*x15 - 0.46789807*x17\nlambda_format    PySRFunction(X=>0.46789807*x15 - 0.46789807*x17)\nName: 2, dtype: object","dGamma_dt_error_median":0.0009011693143781349}