{"_timestamp":1.7468431493138933e+09,"dGamma_dt_error_min":-0.29658586808386167,"dGamma_dt_error_max":0.20253764735167568,"eq_dtheta_dt_final":"complexity                                                      15\nloss                                                      1.848373\nscore                                                     0.143971\nequation         ((theta - v_surge) * (0.09218546 - square(squa...\nsympy_format     (theta - v_surge)*(-5.56145797317702*(0.651182...\nlambda_format    PySRFunction(X=>(theta - v_surge)*(-5.56145797...\nName: 12, dtype: object","dGamma_dt_error_hist":{"values":[26,13,13,11,11,10,11,13,11,12,12,12,13,12,13,12,11,12,13,12,12,11,13,12,11,11,12,10,12,11,11,12,12,12,13,14,14,23,219,7,7,8,9,8,9,10,10,10,11,12,13,14,12,11,11,9,10,9,8,9,9,8,10,9],"bins":[-0.29658586808386167,-0.2887870631551814,-0.28098825822650114,-0.27318945329782085,-0.2653906483691406,-0.2575918434404603,-0.24979303851178003,-0.24199423358309977,-0.2341954286544195,-0.22639662372573924,-0.21859781879705897,-0.21079901386837868,-0.20300020893969842,-0.19520140401101815,-0.18740259908233786,-0.1796037941536576,-0.17180498922497733,-0.16400618429629707,-0.1562073793676168,-0.1484085744389365,-0.14060976951025625,-0.13281096458157599,-0.1250121596528957,-0.11721335472421543,-0.10941454979553517,-0.1016157448668549,-0.09381693993817464,-0.08601813500949435,-0.07821933008081408,-0.07042052515213382,-0.06262172022345353,-0.05482291529477326,-0.047024110366093,-0.039225305437412705,-0.03142650050873247,-0.023627695580052177,-0.01582889065137194,-0.008030085722691649,-0.00023128079401135704,0.007567524134668879,0.015366329063349171,0.023165133992029463,0.0309639389207097,0.03876274384938999,0.04656154877807028,0.05436035370675052,0.06215915863543081,0.06995796356411105,0.07775676849279134,0.08555557342147163,0.09335437835015187,0.10115318327883216,0.1089519882075124,0.11675079313619269,0.12454959806487298,0.13234840299355322,0.1401472079222335,0.1479460128509138,0.15574481777959404,0.16354362270827433,0.17134242763695462,0.17914123256563486,0.18694003749431515,0.19473884242299538,0.20253764735167568],"_type":"histogram"},"dTheta_dt_error_max":0.8579020773624598,"r2_score_dtheta_dt":-252.8380184943727,"_runtime":33115.080833912,"dTheta_dt_error_hist":{"values":[79,26,20,17,16,14,13,12,10,11,10,13,11,11,11,10,9,8,8,7,7,7,6,7,6,7,6,5,6,6,5,6,5,5,6,5,5,5,5,5,5,5,6,6,58,18,13,12,12,11,11,10,10,11,11,14,15,17,19,20,22,42,53,109],"bins":[0,0.013404719958788435,0.02680943991757687,0.040214159876365306,0.05361887983515374,0.06702359979394218,0.08042831975273061,0.09383303971151905,0.10723775967030748,0.12064247962909591,0.13404719958788436,0.14745191954667278,0.16085663950546122,0.17426135946424964,0.1876660794230381,0.2010707993818265,0.21447551934061496,0.2278802392994034,0.24128495925819182,0.25468967921698027,0.2680943991757687,0.2814991191345571,0.29490383909334555,0.308308559052134,0.32171327901092245,0.3351179989697109,0.3485227189284993,0.36192743888728773,0.3753321588460762,0.3887368788048646,0.402141598763653,0.41554631872244147,0.4289510386812299,0.44235575864001836,0.4557604785988068,0.4691651985575952,0.48256991851638364,0.4959746384751721,0.5093793584339605,0.522784078392749,0.5361887983515374,0.5495935183103259,0.5629982382691142,0.5764029582279027,0.5898076781866911,0.6032123981454796,0.616617118104268,0.6300218380630564,0.6434265580218449,0.6568312779806333,0.6702359979394218,0.6836407178982101,0.6970454378569986,0.710450157815787,0.7238548777745755,0.7372595977333639,0.7506643176921524,0.7640690376509408,0.7774737576097293,0.7908784775685177,0.804283197527306,0.8176879174860945,0.8310926374448829,0.8444973574036714,0.8579020773624598],"_type":"histogram"},"dTheta_dt_best_complexity":15,"eq_dgamma_dt_final":"complexity                                                      10\nloss                                                      0.259843\nscore                                                     0.088773\nequation         ((0.05515111 * (-0.50034815 * theta)) * square...\nsympy_format        -0.0275947558589465*theta*(dgamma + dtheta)**2\nlambda_format    PySRFunction(X=>-0.0275947558589465*theta*(dga...\nName: 8, dtype: object","dTheta_dt_convergence":{"format":"png","width":1000,"height":600,"caption":"dTheta_dt Convergence","_type":"image-file","sha256":"3889981a35f96c3706ac15c9b72fe31d0200a500b9c06526c5a514a0a492975f","size":24356,"path":"media/images/dTheta_dt_convergence_4_3889981a35f96c3706ac.png"},"_wandb":{"runtime":33117},"dGamma_dt_scatter":{"_type":"image-file","sha256":"a02050719ee70b6d1a887ccd1f41a8596e17c6792f652d90f93a58c37130e205","size":43777,"path":"media/images/dGamma_dt_scatter_1_a02050719ee70b6d1a88.png","format":"png","width":640,"height":480,"caption":"dGamma_dt"},"dTheta_dt_scatter":{"width":640,"height":480,"caption":"dTheta_dt","_type":"image-file","sha256":"1846c5932c26d42b4a2becc4ba4265fc470702ecd2fa53da73069cf868f9f0f0","size":34158,"path":"media/images/dTheta_dt_scatter_0_1846c5932c26d42b4a2b.png","format":"png"},"dTheta_dt_error_min":0,"Number of Training Samples":9621,"dTheta_dt_error_std":0.31562853388318984,"dGamma_dt_error_mean":-0.047223198271251265,"dGamma_dt_convergence":{"format":"png","width":1000,"height":600,"caption":"dGamma_dt Convergence","_type":"image-file","sha256":"279db7698694e3dd10c3e1c422afb8e6e26a7be83f3febe03492ca6158c619ae","size":24759,"path":"media/images/dGamma_dt_convergence_5_279db7698694e3dd10c3.png"},"_step":5,"dGamma_dt_error_std":0.1295236750422294,"dTheta_dt_error_median":0.5911754528049156,"dGamma_dt_error_median":-0.0015906392350979875,"dGamma_dt_best_complexity":10,"Number of Features":8,"r2_score_dgamma_dt":-2.774332314459805,"dTheta_dt_error_mean":0.48379910648000335}