{"dTheta_dt_best_complexity":6,"eq_dtheta_dt_final":"complexity                                                6\nloss                                               0.001662\nscore                                              0.119406\nequation         ((square(-0.024186747) * 0.47225016) * x2)\nsympy_format                        0.000276265744051036*x2\nlambda_format      PySRFunction(X=>0.000276265744051036*x2)\nName: 5, dtype: object","dTheta_dt_error_min":-0.004284289078739026,"dTheta_dt_convergence":{"_type":"image-file","sha256":"91e4a77a97771e89a0686e428d626309f453d253f9c46f109e1b53c0ded560fd","size":22462,"path":"media/images/dTheta_dt_convergence_2_91e4a77a97771e89a068.png","format":"png","width":1000,"height":600,"caption":"dTheta_dt Convergence"},"_timestamp":1.746004123486444e+09,"r2_score_dtheta_dt":-1.2461383786218936,"dTheta_dt_error_median":0.04946314730787754,"Number of Features for Gamma":11,"Number of Training Samples for theta":5236,"dGamma_dt_error_min":-5.751851487177087,"Number of Training Samples for Gamma":5236,"dTheta_dt_scatter":{"format":"png","width":640,"height":480,"caption":"dTheta_dt","_type":"image-file","sha256":"aad983627fb849a20c091ea9083ad58cc94bfe0a7a88c51fc7ede8fa930365d3","size":30762,"path":"media/images/dTheta_dt_scatter_0_aad983627fb849a20c09.png"},"dGamma_dt_error_max":0,"_step":5,"feature_usage_dtheta_dt/x2":1,"dTheta_dt_error_std":0.03615757262516338,"r2_score_dgamma_dt":-3310.6355332184676,"Number of Features For Theta":11,"dTheta_dt_error_hist":{"bins":[-0.004284289078739026,-0.00202312171831777,0.00023804564210348593,0.002499213002524742,0.004760380362945998,0.0070215477233672545,0.00928271508378851,0.011543882444209765,0.013805049804631021,0.016066217165052278,0.018327384525473535,0.020588551885894788,0.022849719246316045,0.0251108866067373,0.027372053967158555,0.029633221327579812,0.03189438868800107,0.034155556048422325,0.03641672340884358,0.03867789076926484,0.040939058129686096,0.043200225490107345,0.0454613928505286,0.04772256021094986,0.049983727571371116,0.05224489493179237,0.05450606229221363,0.056767229652634886,0.059028397013056136,0.06128956437347739,0.06355073173389865,0.0658118990943199,0.06807306645474116,0.07033423381516242,0.07259540117558368,0.07485656853600493,0.07711773589642619,0.07937890325684745,0.0816400706172687,0.08390123797768996,0.08616240533811122,0.08842357269853246,0.09068474005895372,0.09294590741937497,0.09520707477979623,0.09746824214021749,0.09972940950063874,0.10199057686106,0.10425174422148126,0.10651291158190251,0.10877407894232377,0.11103524630274503,0.11329641366316628,0.11555758102358754,0.1178187483840088,0.12007991574443005,0.1223410831048513,0.12460225046527255,0.12686341782569382,0.12912458518611508,0.13138575254653634,0.1336469199069576,0.13590808726737885,0.1381692546278001,0.14043042198822134],"_type":"histogram","values":[131,119,46,6,5,4,4,4,3,3,3,2,4,2,3,3,3,3,3,2,3,3,6,126,82,164,44,6,7,5,5,5,6,4,5,5,4,5,5,4,4,4,4,4,3,4,4,3,4,3,4,3,4,3,3,4,3,3,3,3,4,4,6,10]},"eq_dgamma_dt_final":"complexity                             3\nloss                            0.006234\nscore                           0.039022\nequation                      (x1 * x10)\nsympy_format                      x1*x10\nlambda_format    PySRFunction(X=>x1*x10)\nName: 2, dtype: object","dGamma_dt_convergence":{"path":"media/images/dGamma_dt_convergence_3_b80254335673ffcadb04.png","format":"png","width":1000,"height":600,"caption":"dGamma_dt Convergence","_type":"image-file","sha256":"b80254335673ffcadb04b75dcc729e130037c4e52e7e21a2d262361f7e5a698d","size":30361},"dTheta_dt_error_mean":0.04056220823477383,"dGamma_dt_error_hist":{"bins":[-5.751851487177087,-5.6619788076899455,-5.572106128202804,-5.482233448715661,-5.392360769228519,-5.302488089741377,-5.2126154102542355,-5.122742730767094,-5.032870051279952,-4.94299737179281,-4.853124692305667,-4.763252012818525,-4.673379333331384,-4.583506653844242,-4.493633974357099,-4.403761294869957,-4.313888615382815,-4.2240159358956735,-4.134143256408532,-4.04427057692139,-3.9543978974342475,-3.8645252179471057,-3.7746525384599634,-3.6847798589728216,-3.5949071794856797,-3.5050344999985374,-3.4151618205113956,-3.3252891410242538,-3.2354164615371115,-3.1455437820499696,-3.055671102562828,-2.9657984230756855,-2.8759257435885437,-2.786053064101402,-2.6961803846142596,-2.6063077051271177,-2.516435025639976,-2.4265623461528336,-2.336689666665692,-2.24681698717855,-2.1569443076914077,-2.067071628204266,-1.977198948717124,-1.8873262692299817,-1.7974535897428399,-1.7075809102556976,-1.6177082307685557,-1.527835551281414,-1.437962871794272,-1.3480901923071302,-1.2582175128199875,-1.1683448333328457,-1.0784721538457038,-0.988599474358562,-0.8987267948714202,-0.8088541153842783,-0.7189814358971356,-0.6291087564099938,-0.5392360769228519,-0.4493633974357101,-0.35949071794856824,-0.2696180384614264,-0.17974535897428368,-0.08987267948714184,0],"_type":"histogram","values":[20,20,18,19,19,19,22,28,39,43,35,39,110,23,12,8,34,35,28,29,35,6,6,5,5,6,5,5,6,6,5,6,6,7,7,7,7,7,8,7,7,7,7,7,8,7,7,7,7,8,7,8,7,8,8,8,8,8,9,8,9,9,10,10]},"_wandb":{"runtime":479},"dGamma_dt_error_mean":-3.7648685079989543,"dTheta_dt_error_max":0.14043042198822134,"dGamma_dt_error_median":-4.3538261599330434,"_runtime":479.328764619,"dGamma_dt_scatter":{"_type":"image-file","sha256":"064b848ff7b40e08ef8c5b33d9d918c2ed5e7b3c872d82276629cfe9bea71287","size":36910,"path":"media/images/dGamma_dt_scatter_1_064b848ff7b40e08ef8c.png","format":"png","width":640,"height":480,"caption":"dGamma_dt"},"dGamma_dt_error_std":1.581826429797686,"dGamma_dt_best_complexity":3}