{"_timestamp":1.7444626895457253e+09,"_runtime":4854.6708675,"_step":0,"eq_dtheta_dt_final":"complexity                                                      14\nloss                                                      0.000765\nequation         ((x5 - ((x6 * 0.021218607) - (x3 * -0.28160363...\nscore                                                     0.155215\nsympy_format     (x5 - (-(-0.28160363)*x3 + x6*0.021218607) - A...\nlambda_format    PySRFunction(X=>(x5 - (-(-0.28160363)*x3 + x6*...\nName: 12, dtype: object","_wandb":{"runtime":4855},"eq_dgamma_dt_final":"complexity                                                      13\nloss                                                      0.000143\nequation         ((x4 + x3) - (x5 + (-1.6083581 / (x2 + -0.2387...\nscore                                                     0.075413\nsympy_format     (x3 + x4 - (x5 - 1.6083581/(x2 - 0.23876767)))...\nlambda_format    PySRFunction(X=>(x3 + x4 - (x5 - 1.6083581/(x2...\nName: 11, dtype: object"}