{"_step":5,"dTheta_dt_best_complexity":4,"dTheta_dt_error_hist":{"_type":"histogram","values":[127,122,47,6,5,4,4,3,4,3,3,2,3,3,3,3,3,3,3,2,3,3,6,128,84,160,44,6,7,5,5,5,6,4,5,5,4,5,5,4,4,4,4,4,3,4,4,3,4,3,4,3,4,3,3,4,3,3,3,3,4,4,6,10],"bins":[-0.004240467985248792,-0.001980194265093885,0.00028007945506102177,0.002540353175215929,0.004800626895370835,0.007060900615525742,0.00932117433568065,0.011581448055835554,0.013841721775990462,0.01610199549614537,0.018362269216300277,0.020622542936455185,0.022882816656610093,0.025143090376764994,0.027403364096919902,0.02966363781707481,0.03192391153722972,0.034184185257384626,0.036444458977539534,0.038704732697694436,0.040965006417849344,0.04322528013800425,0.04548555385815916,0.04774582757831407,0.050006101298468976,0.05226637501862388,0.054526648738778785,0.05678692245893369,0.059047196179088594,0.06130746989924351,0.0635677436193984,0.06582801733955332,0.06808829105970822,0.07034856477986312,0.07260883850001804,0.07486911222017294,0.07712938594032785,0.07938965966048275,0.08164993338063765,0.08391020710079257,0.08617048082094747,0.08843075454110239,0.09069102826125729,0.09295130198141219,0.0952115757015671,0.097471849421722,0.09973212314187692,0.10199239686203182,0.10425267058218673,0.10651294430234164,0.10877321802249654,0.11103349174265145,0.11329376546280635,0.11555403918296127,0.11781431290311617,0.12007458662327107,0.12233486034342597,0.12459513406358089,0.1268554077837358,0.1291156815038907,0.1313759552240456,0.13363622894420052,0.13589650266435543,0.13815677638451032,0.14041705010466524]},"dGamma_dt_best_complexity":3,"_runtime":21076.049089339,"dTheta_dt_error_median":0.04945238788412869,"r2_score_dtheta_dt":-1.247130990581295,"dGamma_dt_convergence":{"sha256":"1b5f0db7c1b298a25ee8bef758f4ea761f15854d500c7be347e959985dda8aa4","size":24256,"path":"media/images/dGamma_dt_convergence_3_1b5f0db7c1b298a25ee8.png","format":"png","width":1000,"height":600,"caption":"dGamma_dt Convergence","_type":"image-file"},"dGamma_dt_error_std":0.0710800171390233,"dGamma_dt_error_hist":{"_type":"histogram","values":[20,9,9,8,8,8,8,6,8,7,7,7,7,7,8,6,8,7,8,7,6,7,8,6,6,8,6,7,6,8,7,6,7,6,6,6,9,7,6,9,6,8,9,8,7,9,8,10,8,9,9,10,9,11,11,12,58,98,89,9,11,88,66,78],"bins":[-0.2035816444115776,-0.2000040517913211,-0.1964264591710646,-0.19284886655080813,-0.18927127393055163,-0.18569368131029512,-0.18211608869003862,-0.17853849606978214,-0.17496090344952564,-0.17138331082926914,-0.16780571820901263,-0.16422812558875616,-0.16065053296849965,-0.15707294034824315,-0.15349534772798665,-0.14991775510773014,-0.14634016248747367,-0.14276256986721717,-0.13918497724696066,-0.13560738462670419,-0.13202979200644765,-0.12845219938619118,-0.12487460676593468,-0.12129701414567819,-0.11771942152542168,-0.1141418289051652,-0.11056423628490869,-0.1069866436646522,-0.1034090510443957,-0.09983145842413921,-0.0962538658038827,-0.09267627318362621,-0.08909868056336971,-0.08552108794311321,-0.08194349532285672,-0.07836590270260022,-0.07478831008234371,-0.07121071746208724,-0.06763312484183073,-0.06405553222157423,-0.060477939601317726,-0.05690034698106125,-0.05332275436080475,-0.049745161740548244,-0.04616756912029174,-0.042589976500035265,-0.03901238387977876,-0.03543479125952226,-0.031857198639265755,-0.02827960601900925,-0.024702013398752776,-0.021124420778496272,-0.01754682815823977,-0.013969235537983266,-0.01039164291772679,-0.0068140502974702866,-0.003236457677213783,0.0003411349430427202,0.003918727563299196,0.007496320183555699,0.011073912803812203,0.014651505424068706,0.01822909804432518,0.021806690664581685,0.02538428328483818]},"Number of Training Samples for Gamma":14956,"dTheta_dt_error_max":0.14041705010466524,"_timestamp":1.7460401737399511e+09,"dTheta_dt_error_min":-0.004240467985248792,"dTheta_dt_error_mean":0.04060201397325338,"Number of Features for Gamma":11,"dTheta_dt_error_std":0.036130929895236245,"Number of Features For Theta":15,"dTheta_dt_scatter":{"format":"png","width":640,"height":480,"caption":"dTheta_dt","_type":"image-file","sha256":"012ea1ec26f989a45ca14732614dc1264a828bf65da8c3cec8297201ab266a98","size":30654,"path":"media/images/dTheta_dt_scatter_0_012ea1ec26f989a45ca1.png"},"r2_score_dgamma_dt":-0.3594832482027388,"Number of Training Samples for theta":14956,"_wandb":{"runtime":21077},"eq_dgamma_dt_final":"complexity                                                 3\nloss                                                0.004121\nscore                                               0.076258\nequation                      (-0.0009889985 * theta_v_sway)\nsympy_format                      -0.0009889985*theta_v_sway\nlambda_format    PySRFunction(X=>-0.0009889985*theta_v_sway)\nName: 2, dtype: object","eq_dtheta_dt_final":"complexity                                            4\nloss                                           0.001782\nscore                                          0.299055\nequation                (neg(-0.00035104586) * v_surge)\nsympy_format                      0.00035104586*v_surge\nlambda_format    PySRFunction(X=>0.00035104586*v_surge)\nName: 2, dtype: object","dGamma_dt_error_max":0.02538428328483818,"dTheta_dt_convergence":{"height":600,"caption":"dTheta_dt Convergence","_type":"image-file","sha256":"c1026ea459bc1162670727f1d08e8c8276f3f59cc0acf0936c331b1e06fe0366","size":24949,"path":"media/images/dTheta_dt_convergence_2_c1026ea459bc11626707.png","format":"png","width":1000},"dGamma_dt_error_min":-0.2035816444115776,"dGamma_dt_error_mean":-0.0423507225384123,"dGamma_dt_scatter":{"sha256":"a09d735956a82c2ed622e0d49b3f2265b1f4aa48a54ace8e946e9807a081df02","size":27704,"path":"media/images/dGamma_dt_scatter_1_a09d735956a82c2ed622.png","format":"png","width":640,"height":480,"caption":"dGamma_dt","_type":"image-file"},"dGamma_dt_error_median":-0.0002866134201134629}