{"_runtime":1870.9751682,"_step":0,"_wandb":{"runtime":1872},"eq_dtheta_dt_final":"complexity                                                      14\nloss                                                      0.000587\nequation         (x3 + ((x6 * 0.036381483) + (1.5768447 / (exp(...\nscore                                                      0.06026\nsympy_format     (x3 + x6*0.036381483 + 1.5768447/(exp(x5) - 1*...\nlambda_format    PySRFunction(X=>(x3 + x6*0.036381483 + 1.57684...\nName: 12, dtype: object","eq_dgamma_dt_final":"complexity                                                      20\nloss                                                      0.000118\nequation         ((((((x5 - x4) - x3) + -258.11194) / (x2 * 105...\nscore                                                     0.147095\nsympy_format     (cos(10.47583/x10) + (-x3 - x4 + x5 - 258.1119...\nlambda_format    PySRFunction(X=>(cos(10.47583/x10) + (-x3 - x4...\nName: 17, dtype: object","_timestamp":1.7444563892319174e+09}