{"dGamma_dt_error_max":0,"_runtime":289.451924279,"dTheta_dt_error_std":0.036980105589638816,"Number of Training Samples for theta":14956,"dGamma_dt_scatter":{"path":"media/images/dGamma_dt_scatter_1_40dfbff7f43b7310a635.png","format":"png","width":640,"height":480,"caption":"dGamma_dt","_type":"image-file","sha256":"40dfbff7f43b7310a635736af2146744ab308f28b391e41586c9b18e3f8782b1","size":35935},"Number of Training Samples for Gamma":14956,"dTheta_dt_error_mean":0.04053378351398756,"_wandb":{"runtime":289},"r2_score_dtheta_dt":-1.2901481075880463,"dTheta_dt_error_min":-0.004971857349733051,"dTheta_dt_scatter":{"sha256":"072c7f926a85d850e978c04691533c07bbf5407fda4527e88bab7016fc081382","size":32623,"path":"media/images/dTheta_dt_scatter_0_072c7f926a85d850e978.png","format":"png","width":640,"height":480,"caption":"dTheta_dt","_type":"image-file"},"dGamma_dt_best_complexity":2,"dGamma_dt_error_min":-9.38368656323912,"dGamma_dt_error_median":-8.23436009122253,"dGamma_dt_error_std":3.2685953890314314,"feature_usage_dtheta_dt/x6":1,"eq_dgamma_dt_final":"complexity                            2\nloss                           0.004477\nscore                          0.081495\nequation                     square(x1)\nsympy_format                      x1**2\nlambda_format    PySRFunction(X=>x1**2)\nName: 1, dtype: object","Number of Features for Gamma":11,"dTheta_dt_best_complexity":6,"eq_dtheta_dt_final":"complexity                                              6\nloss                                             0.002471\nscore                                            0.027165\nequation           (neg(square(square(-0.2016388))) * x6)\nsympy_format                      -0.00165308968793322*x6\nlambda_format    PySRFunction(X=>-0.00165308968793322*x6)\nName: 4, dtype: object","r2_score_dgamma_dt":-9678.615067399724,"dTheta_dt_error_hist":{"values":[168,76,57,5,4,4,4,4,3,3,2,4,2,4,3,3,2,3,3,3,2,3,2,102,110,144,62,6,6,6,6,5,5,4,6,5,3,5,5,5,4,4,4,3,4,4,3,4,3,4,3,4,3,3,3,3,3,4,3,3,4,3,6,10],"bins":[-0.004971857349733051,-0.002666819001158855,-0.00036178065258465897,0.0019432576959895372,0.004248296044563733,0.006553334393137929,0.008858372741712126,0.011163411090286322,0.013468449438860518,0.015773487787434714,0.01807852613600891,0.020383564484583106,0.022688602833157302,0.0249936411817315,0.027298679530305694,0.029603717878879894,0.03190875622745409,0.03421379457602828,0.03651883292460248,0.03882387127317668,0.04112890962175087,0.043433947970325064,0.045738986318899263,0.04804402466747346,0.050349063016047656,0.05265410136462185,0.05495913971319605,0.05726417806177025,0.05956921641034444,0.06187425475891863,0.06417929310749285,0.06648433145606703,0.06878936980464123,0.07109440815321541,0.07339944650178962,0.07570448485036382,0.078009523198938,0.08031456154751221,0.08261959989608642,0.0849246382446606,0.0872296765932348,0.08953471494180898,0.09183975329038319,0.09414479163895739,0.09644982998753157,0.09875486833610578,0.10105990668467998,0.10336494503325416,0.10566998338182837,0.10797502173040255,0.11028006007897675,0.11258509842755096,0.11489013677612514,0.11719517512469935,0.11950021347327355,0.12180525182184773,0.12411029017042194,0.12641532851899615,0.12872036686757032,0.13102540521614453,0.13333044356471874,0.13563548191329292,0.13794052026186712,0.1402455586104413,0.1425505969590155],"_type":"histogram"},"dGamma_dt_convergence":{"caption":"dGamma_dt Convergence","_type":"image-file","sha256":"a0b173f039a3161fa004d3942ac0f0fbf2c4de07521b541dbe4a78f8cae574d0","size":25579,"path":"media/images/dGamma_dt_convergence_3_a0b173f039a3161fa004.png","format":"png","width":1000,"height":600},"Number of Features For Theta":11,"dTheta_dt_convergence":{"height":600,"caption":"dTheta_dt Convergence","_type":"image-file","sha256":"6f55eb23a4d9fd378a21a51d9fea229cbdec4cc02360ae693b6dfec95a238e78","size":21284,"path":"media/images/dTheta_dt_convergence_2_6f55eb23a4d9fd378a21.png","format":"png","width":1000},"dTheta_dt_error_max":0.1425505969590155,"_step":5,"dGamma_dt_error_hist":{"_type":"histogram","values":[122,240,78,11,7,5,4,4,3,3,2,2,2,2,2,2,2,2,2,2,3,2,2,3,3,2,4,3,4,5,6,8,12,58,21,13,11,9,10,10,10,10,12,12,12,12,11,10,11,10,10,10,10,9,10,10,9,10,11,10,11,11,12,12],"bins":[-9.38368656323912,-9.237066460688508,-9.090446358137898,-8.943826255587286,-8.797206153036676,-8.650586050486064,-8.503965947935452,-8.357345845384842,-8.21072574283423,-8.06410564028362,-7.917485537733008,-7.7708654351823965,-7.624245332631785,-7.477625230081173,-7.331005127530563,-7.184385024979951,-7.03776492242934,-6.891144819878729,-6.744524717328117,-6.597904614777507,-6.451284512226895,-6.304664409676284,-6.158044307125673,-6.011424204575061,-5.864804102024451,-5.718183999473839,-5.5715638969232275,-5.424943794372616,-5.278323691822005,-5.131703589271394,-4.985083486720782,-4.838463384170171,-4.69184328161956,-4.545223179068949,-4.398603076518338,-4.251982973967726,-4.105362871417115,-3.958742768866504,-3.8121226663158927,-3.6655025637652816,-3.5188824612146696,-3.3722623586640585,-3.2256422561134475,-3.0790221535628364,-2.9324020510122253,-2.785781948461614,-2.6391618459110022,-2.492541743360391,-2.34592164080978,-2.199301538259169,-2.052681435708558,-1.906061333157946,-1.7594412306073348,-1.6128211280567237,-1.4662010255061126,-1.3195809229555007,-1.1729608204048905,-1.0263407178542785,-0.8797206153036683,-0.7331005127530563,-0.5864804102024443,-0.43986030765183415,-0.2932402051012222,-0.14662010255061197,0]},"dGamma_dt_error_mean":-6.169273969301904,"dTheta_dt_error_median":0.05039561899147587,"_timestamp":1.7460085330344076e+09}