Complexity,Loss,Equation
1,0.0013401527,"3.190492e-8"
2,0.0013401526,"square(-7.576617e-5)"
3,0.0010701155,"(x0 * 7.345209e-5)"
5,0.0010595412,"((x0 * 7.345209e-5) / 0.8036926)"
7,0.00096312707,"(((x0 * 2.489828) - x5) * 6.043911e-5)"
8,0.0008511379,"(((x0 / 0.21412085) - x3) * cos(1.5707694))"
10,0.0008371478,"((((x0 / 0.21412085) - x2) - x3) * cos(1.5707694))"
12,0.0008162397,"((((x0 / 0.16638501) - (x2 + x2)) - x3) * cos(1.5707694))"
14,0.00081601023,"((((x0 / 0.16638501) - (x2 + x2)) - (x3 - x4)) * cos(1.5707694))"
15,0.00081581384,"((((x0 / 0.16638501) - (x2 + x2)) - (x3 - square(x4))) * cos(1.5707694))"
17,0.0008148158,"((((x0 / 0.16638501) - (x2 + x2)) - (x3 - square(x4 + 1.696264))) * cos(1.5707694))"
18,0.0008135603,"((((x0 / 0.16638501) - (x2 + x2)) - (x3 - square(square(x4) + 1.696264))) * cos(1.5707694))"
