{"EL_residual_mse_gamma":5.781940722802515,"best_lagrangian":"((x3 * x3) + (x2 * x2))","_timestamp":1.7454923460438876e+09,"_runtime":193.429997697,"_step":0,"_wandb":{"runtime":194},"EL_residual_mse_theta":5.8076975915997835}