{"dGamma_dt_error_median":-8.748409654514566e-06,"feature_usage_dtheta_dt/x14":1,"dGamma_dt_error_min":-0.02240303211314426,"Number of Features":18,"dTheta_dt_error_max":0.032372715870313734,"feature_usage_dtheta_dt/x16":1,"dTheta_dt_error_min":-0.000653915505331136,"dTheta_dt_best_complexity":13,"dGamma_dt_best_complexity":5,"dGamma_dt_error_max":0.003018920372317456,"dTheta_dt_error_median":0.0031998265621234166,"eq_dtheta_dt_final":"complexity                                                      13\nloss                                                      0.000345\nscore                                                     0.285927\nequation         ((x14 - x16) * tanh(abs((0.7785004 - x13) * -4...\nsympy_format     (x14 - x16)*tanh(Abs(4.356415*x13 - 3.39147082...\nlambda_format    PySRFunction(X=>(x14 - x16)*tanh(Abs(4.356415*...\nName: 9, dtype: object","dTheta_dt_error_std":0.009118883655795839,"eq_dgamma_dt_final":"complexity                                                    5\nloss                                                   0.000637\nscore                                                  0.156207\nequation                             ((x17 - x15) * -1.3210142)\nsympy_format                      1.3210142*x15 - 1.3210142*x17\nlambda_format    PySRFunction(X=>1.3210142*x15 - 1.3210142*x17)\nName: 2, dtype: object","dGamma_dt_scatter":{"path":"media/images/dGamma_dt_scatter_1_94e71bbe33772eb68cf6.png","format":"png","width":640,"height":480,"caption":"dGamma_dt","_type":"image-file","sha256":"94e71bbe33772eb68cf6ce9315e99d9b800b74ee8bcaf4bf9f8f49dac474bfb4","size":32107},"dGamma_dt_error_mean":-0.004049242065707094,"dTheta_dt_error_hist":{"bins":[-0.000653915505331136,-0.00013787439008668492,0.0003781667251577662,0.0008942078404022172,0.0014102489556466684,0.0019262900708911196,0.0024423311861355703,0.0029583723013800215,0.0034744134166244727,0.003990454531868924,0.004506495647113375,0.005022536762357826,0.005538577877602277,0.006054618992846728,0.006570660108091179,0.00708670122333563,0.0076027423385800815,0.008118783453824533,0.008634824569068984,0.009150865684313435,0.009666906799557886,0.010182947914802338,0.010698989030046789,0.01121503014529124,0.01173107126053569,0.01224711237578014,0.012763153491024592,0.013279194606269043,0.013795235721513494,0.014311276836757945,0.014827317952002397,0.015343359067246848,0.0158594001824913,0.01637544129773575,0.0168914824129802,0.017407523528224653,0.017923564643469104,0.018439605758713555,0.018955646873958006,0.019471687989202457,0.01998772910444691,0.02050377021969136,0.02101981133493581,0.021535852450180262,0.022051893565424713,0.022567934680669165,0.023083975795913616,0.023600016911158067,0.024116058026402515,0.024632099141646966,0.025148140256891417,0.02566418137213587,0.02618022248738032,0.02669626360262477,0.027212304717869222,0.027728345833113673,0.028244386948358124,0.028760428063602576,0.029276469178847027,0.029792510294091478,0.03030855140933593,0.030824592524580384,0.03134063363982483,0.031856674755069286,0.032372715870313734],"_type":"histogram","values":[13,23,15,8,4,6,13,18,10,6,2,20,9,2,0,4,2,0,0,0,0,0,1,1,0,0,0,0,1,0,0,0,0,0,1,2,1,1,0,0,0,1,0,0,1,0,2,1,0,1,0,1,1,1,1,1,2,1,1,2,2,2,2,2]},"r2_score_dtheta_dt":0.9039076900074624,"_wandb":{"runtime":9669},"_step":5,"Number of Training Samples":2991,"dTheta_dt_error_mean":0.0066054282060918025,"dGamma_dt_convergence":{"caption":"dGamma_dt Convergence","_type":"image-file","sha256":"874405f65e76ba0f5754febfb9fc2b675fb6acf5d428213231bb4c6d8b6ed9a5","size":21656,"path":"media/images/dGamma_dt_convergence_5_874405f65e76ba0f5754.png","format":"png","width":1000,"height":600},"r2_score_dgamma_dt":0.985296783880182,"_timestamp":1.7447355705933585e+09,"dGamma_dt_error_std":0.007589854469370429,"dTheta_dt_convergence":{"size":24653,"path":"media/images/dTheta_dt_convergence_4_cc7e931a4977ba9913a4.png","format":"png","width":1000,"height":600,"caption":"dTheta_dt Convergence","_type":"image-file","sha256":"cc7e931a4977ba9913a4e28b5ba434ca10b9bc224e591c7a53120a9dac2285aa"},"dGamma_dt_error_hist":{"_type":"histogram","values":[1,2,1,2,4,1,0,3,1,2,1,2,1,2,1,3,1,1,1,1,1,1,1,1,1,1,0,1,1,1,0,1,1,1,0,1,2,5,2,1,2,3,0,2,0,1,1,3,2,2,1,2,3,1,3,10,10,18,18,10,6,11,16,9],"bins":[-0.02240303211314426,-0.02200581410555892,-0.02160859609797358,-0.02121137809038824,-0.020814160082802905,-0.020416942075217565,-0.020019724067632225,-0.019622506060046885,-0.019225288052461546,-0.018828070044876206,-0.01843085203729087,-0.01803363402970553,-0.01763641602212019,-0.01723919801453485,-0.01684198000694951,-0.01644476199936417,-0.01604754399177883,-0.015650325984193494,-0.015253107976608154,-0.014855889969022814,-0.014458671961437474,-0.014061453953852136,-0.013664235946266796,-0.013267017938681456,-0.012869799931096118,-0.012472581923510778,-0.012075363915925438,-0.011678145908340098,-0.01128092790075476,-0.01088370989316942,-0.01048649188558408,-0.010089273877998742,-0.009692055870413403,-0.009294837862828063,-0.008897619855242725,-0.008500401847657385,-0.008103183840072045,-0.007705965832486707,-0.007308747824901367,-0.006911529817316027,-0.006514311809730687,-0.006117093802145347,-0.005719875794560011,-0.005322657786974671,-0.004925439779389331,-0.004528221771803991,-0.004131003764218651,-0.0037337857566333114,-0.003336567749047975,-0.002939349741462635,-0.0025421317338772953,-0.0021449137262919554,-0.0017476957187066156,-0.0013504777111212757,-0.0009532597035359358,-0.0005560416959505994,-0.00015882368836525954,0.00023839431922008034,0.0006356123268054202,0.00103283033439076,0.0014300483419761,0.0018272663495614364,0.0022244843571467762,0.002621702364732116,0.003018920372317456]},"feature_usage_dtheta_dt/x13":1,"_runtime":9669.238347324,"dTheta_dt_scatter":{"sha256":"dee3088f6df87daf6655e629e6afb219f957577d277d2cf45530f9bdbfc731b8","size":29999,"path":"media/images/dTheta_dt_scatter_0_dee3088f6df87daf6655.png","format":"png","width":640,"height":480,"caption":"dTheta_dt","_type":"image-file"}}