{"Number of Training Samples for Gamma":14956,"dGamma_dt_best_complexity":3,"Number of Training Samples for theta":14956,"dGamma_dt_error_max":0.02538408396173448,"dGamma_dt_error_hist":{"bins":[-0.20302569507620977,-0.19945679227874188,-0.195887889481274,-0.19231898668380612,-0.18875008388633824,-0.18518118108887038,-0.1816122782914025,-0.17804337549393462,-0.17447447269646674,-0.17090556989899885,-0.16733666710153097,-0.1637677643040631,-0.16019886150659524,-0.15662995870912733,-0.15306105591165947,-0.1494921531141916,-0.1459232503167237,-0.14235434751925582,-0.13878544472178794,-0.1352165419243201,-0.13164763912685218,-0.12807873632938432,-0.12450983353191644,-0.12094093073444856,-0.11737202793698068,-0.1138031251395128,-0.11023422234204491,-0.10666531954457704,-0.10309641674710916,-0.09952751394964128,-0.09595861115217341,-0.09238970835470553,-0.08882080555723765,-0.08525190275976977,-0.08168299996230188,-0.07811409716483401,-0.07454519436736612,-0.07097629156989826,-0.06740738877243038,-0.0638384859749625,-0.06026958317749462,-0.056700680380026736,-0.05313177758255885,-0.04956287478509097,-0.04599397198762312,-0.042425069190155235,-0.03885616639268735,-0.03528726359521947,-0.03171836079775159,-0.028149458000283706,-0.024580555202815824,-0.02101165240534794,-0.01744274960788006,-0.013873846810412205,-0.010304944012944323,-0.00673604121547644,-0.0031671384180085582,0.00040176437945932397,0.003970667176927206,0.007539569974395088,0.011108472771862943,0.014677375569330825,0.018246278366798707,0.02181518116426659,0.02538408396173448],"_type":"histogram","values":[20,8,8,9,10,6,7,7,7,7,7,7,8,7,7,8,6,8,7,8,6,7,8,6,7,7,6,7,7,7,7,6,7,6,7,6,8,7,7,9,6,8,8,8,7,10,8,9,9,9,9,9,10,10,11,12,57,98,91,9,11,87,64,81]},"_runtime":992.775426559,"dTheta_dt_error_hist":{"values":[120,126,49,6,5,5,3,4,3,3,3,3,3,3,3,3,3,2,3,3,3,2,7,129,87,158,42,7,5,5,6,5,5,4,6,5,4,5,5,4,4,4,4,4,3,4,4,3,4,3,4,3,4,3,3,4,3,3,3,3,4,4,6,10],"bins":[-0.004143333357602767,-0.0018849825893752148,0.00037336817885233724,0.0026317189470798892,0.004890069715307441,0.007148420483534993,0.009406771251762546,0.0116651220199901,0.01392347278821765,0.0161818235564452,0.018440174324672754,0.020698525092900308,0.022956875861127858,0.02521522662935541,0.027473577397582966,0.029731928165810516,0.031990278934038066,0.034248629702265616,0.03650698047049317,0.038765331238720724,0.041023682006948274,0.043282032775175824,0.04554038354340338,0.04779873431163093,0.05005708507985848,0.05231543584808603,0.05457378661631358,0.05683213738454114,0.0590904881527687,0.06134883892099624,0.0636071896892238,0.06586554045745134,0.0681238912256789,0.07038224199390646,0.072640592762134,0.07489894353036156,0.0771572942985891,0.07941564506681666,0.08167399583504421,0.08393234660327176,0.08619069737149931,0.08844904813972687,0.09070739890795441,0.09296574967618197,0.09522410044440953,0.09748245121263707,0.09974080198086463,0.10199915274909217,0.10425750351731973,0.10651585428554729,0.10877420505377483,0.11103255582200239,0.11329090659022993,0.11554925735845749,0.11780760812668505,0.12006595889491259,0.12232430966314016,0.12458266043136769,0.12684101119959523,0.1290993619678228,0.13135771273605035,0.1336160635042779,0.13587441427250543,0.138132765040733,0.14039111580896055],"_type":"histogram"},"dTheta_dt_error_mean":0.04069164344895822,"dTheta_dt_error_min":-0.004143333357602767,"dGamma_dt_error_min":-0.20302569507620977,"dTheta_dt_error_std":0.03606990803908189,"_wandb":{"runtime":993},"dGamma_dt_error_median":-6.961312001707576e-05,"dGamma_dt_scatter":{"height":480,"caption":"dGamma_dt","_type":"image-file","sha256":"bfc51b79b45cadac5da493d875f308951e1dff361243c198cb9c05e4f586452e","size":26476,"path":"media/images/dGamma_dt_scatter_1_bfc51b79b45cadac5da4.png","format":"png","width":640},"_timestamp":1.7462353725880346e+09,"_step":5,"r2_score_dtheta_dt":-1.24932221738566,"dGamma_dt_convergence":{"size":23454,"path":"media/images/dGamma_dt_convergence_3_3498de4190fdec508f3c.png","format":"png","width":1000,"height":600,"caption":"dGamma_dt Convergence","_type":"image-file","sha256":"3498de4190fdec508f3c8b52d88c46c5b84902b20175f5b5f5c8b0cfff729a12"},"dTheta_dt_scatter":{"caption":"dTheta_dt","_type":"image-file","sha256":"fc9dcdb141b7183ad603d1a8b33215023ee09bf972149db645dd1ebc5fed8620","size":30925,"path":"media/images/dTheta_dt_scatter_0_fc9dcdb141b7183ad603.png","format":"png","width":640,"height":480},"eq_dgamma_dt_final":"complexity                                                 3\nloss                                                 0.00416\nscore                                               0.063219\nequation                      (0.00061160454 * gamma_v_sway)\nsympy_format                      0.00061160454*gamma_v_sway\nlambda_format    PySRFunction(X=>0.00061160454*gamma_v_sway)\nName: 1, dtype: object","dTheta_dt_error_max":0.14039111580896055,"eq_dtheta_dt_final":"complexity                                              3\nloss                                             0.001794\nscore                                            0.200626\nequation                      (0.00051538204 * v_surge_l)\nsympy_format                      0.00051538204*v_surge_l\nlambda_format    PySRFunction(X=>0.00051538204*v_surge_l)\nName: 1, dtype: object","dTheta_dt_error_median":0.04943039252014537,"dTheta_dt_convergence":{"sha256":"9bc73dd99849047a9ce63557f36cc0c2562e31ab699f69d4e80c265e2f7bdee9","size":24602,"path":"media/images/dTheta_dt_convergence_2_9bc73dd99849047a9ce6.png","format":"png","width":1000,"height":600,"caption":"dTheta_dt Convergence","_type":"image-file"},"Number of Features For Theta":9,"r2_score_dgamma_dt":-0.3443362214290868,"Number of Features for Gamma":8,"dTheta_dt_best_complexity":3,"dGamma_dt_error_mean":-0.04199546011215521,"dGamma_dt_error_std":0.07075350134580984}