{"dGamma_dt_error_hist":{"_type":"histogram","values":[86,165,90,10,9,8,7,8,7,7,6,7,6,7,5,7,5,6,5,4,5,5,6,5,5,5,6,5,5,5,5,5,5,6,4,6,5,4,6,6,5,7,5,7,7,6,8,6,7,8,8,8,9,10,10,12,13,15,19,29,93,33,26,31],"bins":[-0.010609844035361415,-0.003916362191148305,0.002777119653064805,0.009470601497277915,0.016164083341491026,0.022857565185704136,0.029551047029917246,0.036244528874130356,0.04293801071834347,0.04963149256255658,0.05632497440676969,0.06301845625098279,0.06971193809519591,0.07640541993940902,0.08309890178362213,0.08979238362783523,0.09648586547204835,0.10317934731626147,0.10987282916047457,0.11656631100468767,0.12325979284890079,0.1299532746931139,0.136646756537327,0.1433402383815401,0.15003372022575323,0.15672720206996635,0.16342068391417947,0.17011416575839255,0.17680764760260567,0.1835011294468188,0.19019461129103188,0.196888093135245,0.2035815749794581,0.21027505682367123,0.21696853866788435,0.22366202051209744,0.23035550235631055,0.23704898420052367,0.24374246604473676,0.2504359478889499,0.257129429733163,0.2638229115773761,0.27051639342158923,0.2772098752658023,0.2839033571100154,0.29059683895422855,0.29729032079844164,0.3039838026426548,0.3106772844868679,0.31737076633108097,0.3240642481752941,0.3307577300195072,0.33745121186372035,0.34414469370793344,0.3508381755521465,0.35753165739635967,0.36422513924057276,0.37091862108478585,0.377612102928999,0.3843055847732121,0.3909990666174252,0.3976925484616383,0.4043860303058514,0.41107951215006455,0.41777299399427764]},"_runtime":2369.188448158,"eq_dtheta_dt_final":"complexity                                      4\nloss                                      3.93827\nscore                                    0.070571\nequation                      (cos(a_z) * dtheta)\nsympy_format                      dtheta*cos(a_z)\nlambda_format    PySRFunction(X=>dtheta*cos(a_z))\nName: 2, dtype: object","dGamma_dt_error_min":-0.010609844035361415,"dTheta_dt_error_hist":{"_type":"histogram","values":[11,10,10,10,10,10,9,10,10,10,10,10,10,10,10,11,10,11,11,11,11,10,11,10,10,10,9,10,10,9,10,10,10,10,10,11,10,10,10,10,9,9,8,8,7,6,7,5,6,6,6,6,8,7,8,8,7,8,8,9,11,13,18,348],"bins":[-5.419162340474876,-5.333692261305044,-5.248222182135213,-5.162752102965381,-5.07728202379555,-4.991811944625718,-4.906341865455888,-4.820871786286055,-4.735401707116225,-4.649931627946393,-4.564461548776562,-4.47899146960673,-4.393521390436899,-4.308051311267067,-4.222581232097236,-4.137111152927404,-4.0516410737575725,-3.966170994587741,-3.88070091541791,-3.7952308362480784,-3.709760757078247,-3.624290677908416,-3.5388205987385843,-3.453350519568753,-3.3678804403989213,-3.28241036122909,-3.1969402820592583,-3.1114702028894268,-3.0260001237195953,-2.940530044549764,-2.8550599653799327,-2.769589886210101,-2.6841198070402696,-2.598649727870438,-2.5131796487006066,-2.427709569530775,-2.342239490360944,-2.2567694111911125,-2.171299332021281,-2.0858292528514495,-2.000359173681618,-1.9148890945117865,-1.8294190153419554,-1.7439489361721239,-1.6584788570022924,-1.5730087778324608,-1.4875386986626293,-1.4020686194927983,-1.3165985403229667,-1.2311284611531352,-1.1456583819833037,-1.0601883028134722,-0.9747182236436407,-0.8892481444738092,-0.8037780653039777,-0.7183079861341461,-0.6328379069643146,-0.5473678277944831,-0.4618977486246525,-0.376427669454821,-0.29095759028498946,-0.20548751111515795,-0.12001743194532644,-0.03454735277549492,0.05092272639433621]},"r2_score_dgamma_dt":-11.11328211895888,"_wandb":{"runtime":2369},"dTheta_dt_error_max":0.05092272639433621,"dGamma_dt_best_complexity":3,"dGamma_dt_scatter":{"height":480,"caption":"dGamma_dt","_type":"image-file","sha256":"5c78a495c36728a8fa1a0eb456cde7f777bc762f3f2b381761f71db62a535d95","size":39731,"path":"media/images/dGamma_dt_scatter_1_5c78a495c36728a8fa1a.png","format":"png","width":640},"dGamma_dt_error_median":0.1429823659076801,"dGamma_dt_error_std":0.17105249512439932,"_timestamp":1.7469223907568023e+09,"eq_dgamma_dt_final":"complexity                                      3\nloss                                     0.384842\nscore                                    0.026098\nequation                      (-0.14360073 * a_y)\nsympy_format                      -0.14360073*a_y\nlambda_format    PySRFunction(X=>-0.14360073*a_y)\nName: 1, dtype: object","dTheta_dt_error_mean":-1.7707439579573279,"dGamma_dt_convergence":{"format":"png","width":1000,"height":600,"caption":"dGamma_dt Convergence","_type":"image-file","sha256":"6cd9d8e994cced0a632ccf7739b732c0ffce7e4830c34464c31c2a590d7459e5","size":25218,"path":"media/images/dGamma_dt_convergence_5_6cd9d8e994cced0a632c.png"},"dTheta_dt_error_std":1.8592442355828807,"dTheta_dt_error_min":-5.419162340474876,"dTheta_dt_error_median":-1.22645216826149,"dTheta_dt_scatter":{"caption":"dTheta_dt","_type":"image-file","sha256":"78f0b1e63e90c4460662232b156499b4709668a2b74f07efd33293a8f3d7aaef","size":33192,"path":"media/images/dTheta_dt_scatter_0_78f0b1e63e90c4460662.png","format":"png","width":640,"height":480},"dTheta_dt_convergence":{"_type":"image-file","sha256":"24229ee2114a40c33f3dc34ba1700f3cef83bf8af78305753648b10db83d322a","size":22473,"path":"media/images/dTheta_dt_convergence_4_24229ee2114a40c33f3d.png","format":"png","width":1000,"height":600,"caption":"dTheta_dt Convergence"},"dGamma_dt_error_max":0.41777299399427764,"Number of Features":14,"Number of Training Samples":14956,"dTheta_dt_best_complexity":4,"r2_score_dtheta_dt":-5013.887028691764,"_step":5,"dGamma_dt_error_mean":0.1781570181586382}