complexity,loss,score,equation,sympy_format,lambda_format
1,0.00022687603,0.0,1.6831088e-9,1.68310880000000e-9,PySRFunction(X=>1.68310880000000E-9)
3,0.0001805446,0.11421295314504537,(x4 * 0.006807525),0.006807525*x4,PySRFunction(X=>0.006807525*x4)
