Complexity,Loss,Equation
1,0.00047558956,"1.0059771e-9"
3,0.00029841356,"(-0.0133143375 * x16)"
5,0.00022979097,"((x14 + x15) * -0.03548826)"
7,0.00020640646,"((x3 - (x13 * 0.6845993)) * 0.020362582)"
8,0.00020222225,"((x3 - tanh(x13)) * 0.020750854)"
9,0.00017480398,"(((x3 - x12) - (x13 * 1.5826597)) * 0.013312068)"
11,0.00017349551,"((((x3 - x12) - (x13 * 1.5734676)) * 0.015625872) * 0.9056229)"
12,0.00017262183,"(((x3 - (x12 + x15)) - tanh(x13)) * 0.013310749)"
13,0.0001576664,"(((x3 - (x12 + cos(x1 * -1.7196184))) - x13) * 0.015516605)"
15,0.00015389567,"(((x3 - sin(x14 + cos(x10 * 1.733364))) - x13) * 0.015516605)"
17,0.00015201372,"(((x3 - ((x12 + cos(square(x10) + 0.6241109)) * 0.76323235)) - x13) * 0.015516605)"
19,0.0001501396,"(((x3 - ((x12 + sin(cos(square(x10) * -1.5319769))) * 0.765838)) - x13) * 0.015516605)"
20,0.00014884102,"(((x3 - ((x12 + tanh(cos(square(x10) * -1.5319769))) * 0.765838)) - x13) * 0.015516605)"
21,0.00014854026,"(((x3 - ((x12 + sin(sin(cos(square(x10) * 1.575052)))) * 0.76323235)) - x13) * 0.015516605)"
22,0.00014799972,"(((x3 - ((x12 + sin(tanh(cos((x10 * x17) * 1.7481217)))) * 0.76323235)) - x13) * 0.015516605)"
23,0.00014783246,"(((x3 - ((x12 + tanh(tanh(cos((x10 * x17) * 1.7481217)))) * 0.76323235)) - x13) * 0.015516605)"
24,0.00014700656,"(((x3 - ((x12 + sin(tanh(cos(((x10 * x9) * x17) * 1.7481217)))) * 0.76323235)) - x13) * 0.015516605)"
25,0.00014690364,"(((x3 - ((x12 + tanh(tanh(cos(((x10 * x9) * x17) * 1.7481217)))) * 0.76323235)) - x13) * 0.015516605)"
26,0.00014620679,"(((x3 - ((x12 + tanh(cos(square(x10) * (1.6185694 * square(x9))) - -0.07845471)) * 0.76323235)) - x15) * 0.015516605)"
28,0.00014573311,"(((x3 - ((x12 + sin(tanh(cos(square(x10) * (((1.575052 * x9) - -0.080723524) * x0))))) * 0.76323235)) - x13) * 0.015516605)"
30,0.00014545664,"((((x3 + (x18 + x0)) - ((x12 + tanh(cos(square(x10) * (((1.575052 * x9) - -0.080723524) * x0)))) * 0.76323235)) - x13) * 0.015516605)"
32,0.00014515365,"((((x3 + (x18 + x0)) - ((x12 + sin(tanh(cos(square(x10) * (((1.575052 * x9) - -0.080723524) * x0))))) * 0.76323235)) - x13) * 0.015516605)"
34,0.00014510876,"((((x3 + (x18 + x0)) - ((x12 + sin(tanh(cos(square(x10) * (((1.575052 * x9) - (-0.080723524 * x5)) * x0))))) * 0.76323235)) - x13) * 0.015516605)"
