{"dGamma_dt_error_mean":-0.044895666858653496,"Number of Features For Theta":10,"dGamma_dt_error_hist":{"_type":"histogram","values":[20,8,8,8,9,7,7,8,6,7,6,7,8,7,8,6,8,7,6,8,7,7,7,7,6,7,6,8,7,6,7,6,7,6,7,6,7,8,7,7,7,8,7,9,7,8,8,9,9,9,9,10,9,10,10,11,12,25,92,130,11,76,65,95],"bins":[-0.2056600005487612,-0.20214165673688955,-0.19862331292501786,-0.1951049691131462,-0.19158662530127454,-0.18806828148940286,-0.1845499376775312,-0.18103159386565953,-0.17751325005378787,-0.1739949062419162,-0.17047656243004453,-0.16695821861817284,-0.16343987480630118,-0.15992153099442952,-0.15640318718255786,-0.15288484337068617,-0.1493664995588145,-0.14584815574694285,-0.14232981193507116,-0.1388114681231995,-0.13529312431132784,-0.13177478049945618,-0.1282564366875845,-0.12473809287571283,-0.12121974906384116,-0.11770140525196948,-0.11418306144009782,-0.11066471762822615,-0.10714637381635447,-0.10362803000448281,-0.10010968619261114,-0.09659134238073948,-0.0930729985688678,-0.08955465475699613,-0.08603631094512447,-0.0825179671332528,-0.07899962332138113,-0.07548127950950945,-0.07196293569763779,-0.06844459188576613,-0.06492624807389447,-0.06140790426202278,-0.05788956045015112,-0.05437121663827946,-0.05085287282640777,-0.04733452901453611,-0.04381618520266445,-0.04029784139079276,-0.0367794975789211,-0.03326115376704944,-0.02974280995517775,-0.02622446614330609,-0.02270612233143443,-0.019187778519562743,-0.015669434707691082,-0.012151090895819422,-0.008632747083947734,-0.0051144032720760735,-0.0015960594602044131,0.0019222843516672472,0.005440628163538935,0.008958971975410596,0.012477315787282256,0.015995659599153944,0.019514003411025597]},"dGamma_dt_convergence":{"_type":"image-file","sha256":"cbd1540faa1cb665e1e3ad23b4f814cdd3a2b8c7adef2671dc24e0f35f068b82","size":23219,"path":"media/images/dGamma_dt_convergence_3_cbd1540faa1cb665e1e3.png","format":"png","width":1000,"height":600,"caption":"dGamma_dt Convergence"},"Number of Features for Gamma":10,"dTheta_dt_error_std":0.033556657176928295,"dGamma_dt_error_min":-0.2056600005487612,"dTheta_dt_best_complexity":4,"dGamma_dt_error_std":0.0704230922884581,"dTheta_dt_error_hist":{"_type":"histogram","values":[132,93,55,27,4,4,4,3,3,3,2,3,3,3,3,3,3,2,5,134,137,56,55,35,6,7,6,5,4,5,6,5,4,5,4,5,4,4,4,5,4,3,4,3,4,3,4,3,4,4,3,2,3,4,3,3,3,3,3,3,4,4,6,10],"bins":[-0.007115159380265724,-0.0049390236928759535,-0.0027628880054861842,-0.0005867523180964141,0.0015893833692933552,0.0037655190566831245,0.0059416547440728955,0.008117790431462664,0.010293926118852433,0.012470061806242203,0.014646197493631972,0.01682233318102174,0.018998468868411514,0.021174604555801283,0.023350740243191052,0.025526875930580818,0.02770301161797059,0.029879147305360364,0.03205528299275013,0.0342314186801399,0.03640755436752967,0.03858369005491944,0.04075982574230921,0.04293596142969898,0.04511209711708875,0.04728823280447852,0.04946436849186829,0.05164050417925806,0.05381663986664783,0.055992775554037595,0.05816891124142736,0.06034504692881714,0.06252118261620691,0.06469731830359668,0.06687345399098646,0.06904958967837622,0.07122572536576599,0.07340186105315576,0.07557799674054554,0.0777541324279353,0.07993026811532507,0.08210640380271485,0.08428253949010461,0.08645867517749438,0.08863481086488414,0.09081094655227392,0.09298708223966369,0.09516321792705346,0.09733935361444324,0.099515489301833,0.10169162498922277,0.10386776067661253,0.10604389636400231,0.10822003205139208,0.11039616773878184,0.11257230342617161,0.11474843911356139,0.11692457480095116,0.11910071048834092,0.1212768461757307,0.12345298186312045,0.12562911755051023,0.1278052532379,0.12998138892528976,0.13215752461267954]},"Number of Training Samples for theta":14956,"_step":5,"_runtime":1856.78026508,"_wandb":{"runtime":1857},"dGamma_dt_error_median":-0.001644717246191904,"dTheta_dt_error_median":0.036087584605977094,"dTheta_dt_scatter":{"path":"media/images/dTheta_dt_scatter_0_b238c32678796a24a8da.png","format":"png","width":640,"height":480,"caption":"dTheta_dt","_type":"image-file","sha256":"b238c32678796a24a8dabcf3f79877ebd29ffa92634fbcf5be7dd3252517db27","size":34008},"dTheta_dt_error_min":-0.007115159380265724,"eq_dtheta_dt_final":"complexity                                                  4\nloss                                                 0.653888\nscore                                                 0.32117\nequation                      (square(0.080097325) * v_surge)\nsympy_format                      0.00641558147215562*v_surge\nlambda_format    PySRFunction(X=>0.00641558147215562*v_surge)\nName: 2, dtype: object","dGamma_dt_error_max":0.019514003411025597,"eq_dgamma_dt_final":"complexity                                               3\nloss                                              0.879289\nscore                                             0.064321\nequation                      (0.010006545 * gamma_v_sway)\nsympy_format                      0.010006545*gamma_v_sway\nlambda_format    PySRFunction(X=>0.010006545*gamma_v_sway)\nName: 1, dtype: object","Number of Training Samples for Gamma":14956,"r2_score_dtheta_dt":-0.634647771959175,"dGamma_dt_scatter":{"size":25535,"path":"media/images/dGamma_dt_scatter_1_1362a2e14015417703a6.png","format":"png","width":640,"height":480,"caption":"dGamma_dt","_type":"image-file","sha256":"1362a2e14015417703a670c4cb7f275e49c9a637f58046cc9cff594c8240033c"},"dTheta_dt_error_mean":0.031980902808473884,"_timestamp":1.74661373900584e+09,"r2_score_dgamma_dt":-0.3851162768626246,"dGamma_dt_best_complexity":3,"dTheta_dt_error_max":0.13215752461267954,"dTheta_dt_convergence":{"sha256":"72b9546ee6f956d7e34f83c70093d07ad8dee08f824b241620e64972d43fac2a","size":22210,"path":"media/images/dTheta_dt_convergence_2_72b9546ee6f956d7e34f.png","format":"png","width":1000,"height":600,"caption":"dTheta_dt Convergence","_type":"image-file"}}