{"dTheta_dt_error_max":0.015968590493312673,"feature_usage_dtheta_dt/x14":1,"dTheta_dt_best_complexity":9,"_wandb":{"runtime":195882},"_step":5,"dGamma_dt_error_max":0.002685937875716825,"r2_score_dgamma_dt":0.9950650269700538,"Number of Training Samples":14956,"r2_score_dtheta_dt":0.9703538295425177,"dTheta_dt_convergence":{"caption":"dTheta_dt Convergence","_type":"image-file","sha256":"beb3cbbb7e4094cd843985b00c68168ef01cc14e26728f8bd34e6a8fae396f8b","size":24789,"path":"media/images/dTheta_dt_convergence_4_beb3cbbb7e4094cd8439.png","format":"png","width":1000,"height":600},"eq_dtheta_dt_final":"complexity                                                       9\nloss                                                      0.000532\nscore                                                     0.317311\nequation               (sin((x14 - x16) * 18.099586) * 0.27012593)\nsympy_format         0.27012593*sin(18.099586*x14 - 18.099586*x16)\nlambda_format    PySRFunction(X=>0.27012593*sin(18.099586*x14 -...\nName: 5, dtype: object","_runtime":195881.069586133,"dTheta_dt_error_min":-0.00024600538799435245,"_timestamp":1.744988575410799e+09,"dTheta_dt_error_std":0.003840803134968894,"dGamma_dt_best_complexity":9,"dGamma_dt_error_hist":{"_type":"histogram","values":[8,9,16,9,8,9,10,6,7,10,7,6,8,7,7,7,6,8,5,4,7,5,5,8,5,5,7,6,4,5,7,6,9,5,6,6,8,8,5,8,8,7,9,4,12,11,8,7,12,8,13,11,73,126,37,12,10,11,12,52,85,98,27,6],"bins":[-0.012769378221084926,-0.012527888907072399,-0.012286399593059872,-0.012044910279047343,-0.011803420965034816,-0.01156193165102229,-0.011320442337009762,-0.011078953022997235,-0.010837463708984706,-0.01059597439497218,-0.010354485080959652,-0.010112995766947125,-0.009871506452934598,-0.00963001713892207,-0.009388527824909544,-0.009147038510897015,-0.008905549196884488,-0.008664059882871961,-0.008422570568859433,-0.008181081254846907,-0.007939591940834378,-0.0076981026268218514,-0.007456613312809324,-0.0072151239987967965,-0.0069736346847842695,-0.0067321453707717424,-0.0064906560567592145,-0.0062491667427466875,-0.0060076774287341605,-0.005766188114721633,-0.0055246988007091056,-0.005283209486696578,-0.005041720172684051,-0.004800230858671524,-0.0045587415446589966,-0.004317252230646468,-0.004075762916633941,-0.0038342736026214137,-0.0035927842886088867,-0.0033512949745963597,-0.003109805660583831,-0.002868316346571304,-0.002626827032558777,-0.00238533771854625,-0.0021438484045337228,-0.0019023590905211957,-0.001660869776508667,-0.00141938046249614,-0.001177891148483613,-0.0009364018344710859,-0.0006949125204585588,-0.0004534232064460301,-0.00021193389243350305,2.955542157902398e-05,0.000271044735591551,0.000512534049604078,0.0007540233636166051,0.0009955126776291338,0.0012370019916416609,0.001478491305654188,0.001719980619666715,0.001961469933679242,0.0022029592476917707,0.0024444485617042978,0.002685937875716825]},"dGamma_dt_error_median":5.02449652174386e-05,"dGamma_dt_error_std":0.004548855694026921,"dTheta_dt_error_median":0.0060245882603054135,"dTheta_dt_error_hist":{"_type":"histogram","values":[98,55,57,60,17,8,6,5,4,4,3,3,3,3,4,5,1,5,2,4,5,16,40,27,59,109,43,34,75,54,13,7,7,3,2,7,4,3,3,3,5,4,5,1,4,3,3,3,3,1,3,3,2,3,2,3,5,3,3,2,7,6,4,2],"bins":[-0.00024600538799435245,7.347672651069823e-06,0.0002607007332964921,0.0005140537939419144,0.0007674068545873367,0.001020759915232759,0.0012741129758781812,0.0015274660365236035,0.0017808190971690258,0.002034172157814448,0.0022875252184598703,0.0025408782791052926,0.002794231339750715,0.003047584400396137,0.0033009374610415594,0.0035542905216869817,0.003807643582332404,0.004060996642977826,0.0043143497036232485,0.004567702764268671,0.004821055824914093,0.005074408885559515,0.005327761946204938,0.00558111500685036,0.005834468067495782,0.0060878211281412044,0.006341174188786627,0.006594527249432049,0.006847880310077471,0.0071012333707228936,0.007354586431368316,0.007607939492013738,0.00786129255265916,0.008114645613304583,0.008367998673950005,0.008621351734595427,0.00887470479524085,0.009128057855886272,0.009381410916531694,0.009634763977177116,0.009888117037822539,0.01014147009846796,0.010394823159113383,0.010648176219758805,0.010901529280404228,0.01115488234104965,0.011408235401695072,0.011661588462340495,0.011914941522985917,0.012168294583631339,0.012421647644276761,0.012675000704922184,0.012928353765567606,0.013181706826213028,0.01343505988685845,0.013688412947503873,0.013941766008149295,0.014195119068794717,0.01444847212944014,0.014701825190085562,0.014955178250730984,0.015208531311376406,0.015461884372021829,0.01571523743266725,0.015968590493312673]},"dTheta_dt_scatter":{"height":480,"caption":"dTheta_dt","_type":"image-file","sha256":"0c5286a5788f51922ee5dee0e5e68f137120c37dbad53613e9fdd66ccb63dae2","size":41291,"path":"media/images/dTheta_dt_scatter_0_0c5286a5788f51922ee5.png","format":"png","width":640},"dGamma_dt_convergence":{"size":22088,"path":"media/images/dGamma_dt_convergence_5_669184a6d3d45df0966a.png","format":"png","width":1000,"height":600,"caption":"dGamma_dt Convergence","_type":"image-file","sha256":"669184a6d3d45df0966a4a84eeccedf57a22ee59a5b87fa6d05d50d62f0abe38"},"feature_usage_dtheta_dt/x16":1,"eq_dgamma_dt_final":"complexity                                                       9\nloss                                                      0.000639\nscore                                                     0.369398\nequation                (sin((x15 - x17) * -21.81838) * -0.319919)\nsympy_format             0.319919*sin(21.81838*x15 - 21.81838*x17)\nlambda_format    PySRFunction(X=>0.319919*sin(21.81838*x15 - 21...\nName: 5, dtype: object","dGamma_dt_error_min":-0.012769378221084926,"dGamma_dt_scatter":{"width":640,"height":480,"caption":"dGamma_dt","_type":"image-file","sha256":"ba2856c00be1cfc75bbee9679bf861337cca6aae2e644b7052605b7b30d91903","size":38191,"path":"media/images/dGamma_dt_scatter_1_ba2856c00be1cfc75bbe.png","format":"png"},"dGamma_dt_error_mean":-0.002039354191682807,"dTheta_dt_error_mean":0.004921343884698284,"Number of Features":18}