{"Number of Features":13,"_step":5,"eq_dgamma_dt_final":"complexity                                                       9\nloss                                                      0.000423\nequation         (0.047868587 - (x4 * -0.0007169692)) * (x12 + ...\nscore                                                     0.199221\nsympy_format     (0.047868587 - (-0.0007169692)*x4)*(x12 + 0.23...\nlambda_format    PySRFunction(X=>(0.047868587 - (-0.0007169692)...\nName: 4, dtype: object","dTheta_dt_best_complexity":13,"dGamma_dt_error_median":0.002535565768930322,"dGamma_dt_error_max":0.17594996591272677,"dTheta_dt_error_mean":-0.006339433737523672,"r2_score_dgamma_dt":0.13619629226505536,"dTheta_dt_error_hist":{"_type":"histogram","values":[1,0,0,0,0,0,0,0,0,0,0,0,0,0,0,0,0,0,0,0,0,0,0,0,0,0,0,0,0,1,0,0,0,0,1,0,1,1,1,0,1,0,1,15,72,73,5,4,3,2,5,0,0,0,0,0,0,0,0,0,0,0,0,1],"bins":[-1.2918300625944996,-1.2631315220059378,-1.234432981417376,-1.2057344408288142,-1.1770359002402524,-1.1483373596516906,-1.1196388190631288,-1.090940278474567,-1.0622417378860052,-1.0335431972974436,-1.0048446567088818,-0.9761461161203199,-0.9474475755317581,-0.9187490349431963,-0.8900504943546346,-0.8613519537660728,-0.832653413177511,-0.8039548725889492,-0.7752563320003873,-0.7465577914118255,-0.7178592508232637,-0.6891607102347019,-0.6604621696461401,-0.6317636290575783,-0.6030650884690165,-0.5743665478804547,-0.5456680072918929,-0.5169694667033312,-0.4882709261147694,-0.4595723855262076,-0.4308738449376458,-0.402175304349084,-0.3734767637605222,-0.3447782231719604,-0.3160796825833986,-0.2873811419948369,-0.2586826014062751,-0.22998406081771328,-0.20128552022915147,-0.17258697964058967,-0.14388843905202786,-0.11518989846346606,-0.08649135787490425,-0.057792817286342446,-0.02909427669778064,-0.00039573610921883606,0.02830280447934297,0.057001345067904774,0.08569988565646658,0.11439842624502838,0.1430969668335902,0.171795507422152,0.2004940480107138,0.2291925885992756,0.2578911291878372,0.286589669776399,0.3152882103649608,0.3439867509535226,0.3726852915420844,0.4013838321306462,0.430082372719208,0.4587809133077698,0.4874794538963316,0.5161779944848934,0.5448765350734552]},"feature_usage_dtheta_dt/x4":1,"dGamma_dt_error_std":0.06068149353632395,"dTheta_dt_error_min":-1.2918300625944996,"Number of Training Samples":349,"feature_usage_dtheta_dt/x1":1,"eq_dtheta_dt_final":"complexity                                                      13\nloss                                                      0.000265\nequation         ((x4 * 2.5602643e-5) + 0.0012458496) / (x1 + -...\nscore                                                      0.19519\nsympy_format     (x4*2.5602643e-5 + 0.0012458496)/(x1 - 0.21326...\nlambda_format    PySRFunction(X=>(x4*2.5602643e-5 + 0.001245849...\nName: 8, dtype: object","dGamma_dt_best_complexity":9,"dTheta_dt_scatter":{"path":"media/images/dTheta_dt_scatter_0_b12a77641f7c7cbb7a24.png","format":"png","width":640,"height":480,"caption":"dTheta_dt","_type":"image-file","sha256":"b12a77641f7c7cbb7a240d82b11c30dbd9ea089eb429794c3ad92c8732bc8eee","size":24493},"_timestamp":1.7446714454388359e+09,"dGamma_dt_scatter":{"path":"media/images/dGamma_dt_scatter_1_5b70dffccea47e3dfc9d.png","format":"png","width":640,"height":480,"caption":"dGamma_dt","_type":"image-file","sha256":"5b70dffccea47e3dfc9d5ce1960762aea0651ce1013eb956d7bb50232f62952d","size":35906},"dGamma_dt_error_min":-0.13080460136755456,"dTheta_dt_error_max":0.5448765350734552,"r2_score_dtheta_dt":-5.394981736872504,"_runtime":1376.3266979,"dGamma_dt_error_mean":0.001364470896220987,"dTheta_dt_convergence":{"width":1000,"height":600,"caption":"dTheta_dt Convergence","_type":"image-file","sha256":"d3d9d535546b7d0f5643f36e60594ef389bbf42af74d487e8c0c9d6ef9d49a94","size":27292,"path":"media/images/dTheta_dt_convergence_4_d3d9d535546b7d0f5643.png","format":"png"},"dTheta_dt_error_median":-0.0008751823532617633,"dGamma_dt_error_hist":{"_type":"histogram","values":[1,1,1,3,0,1,2,1,1,2,2,1,2,2,3,4,12,7,1,3,1,1,4,12,9,7,6,6,11,18,9,8,4,6,4,3,1,3,0,2,1,2,0,1,2,1,0,0,1,0,2,0,1,0,1,0,2,1,0,2,2,2,1,1],"bins":[-0.13080460136755456,-0.12601156125380017,-0.12121852114004578,-0.11642548102629138,-0.11163244091253698,-0.10683940079878258,-0.10204636068502819,-0.09725332057127378,-0.09246028045751939,-0.087667240343765,-0.0828742002300106,-0.07808116011625621,-0.07328812000250182,-0.06849507988874742,-0.06370203977499302,-0.05890899966123862,-0.05411595954748423,-0.04932291943372984,-0.04452987931997544,-0.039736839206221036,-0.03494379909246664,-0.03015075897871225,-0.025357718864957857,-0.020564678751203463,-0.01577163863744907,-0.010978598523694663,-0.00618555840994027,-0.0013925182961858629,0.0034005218175685303,0.008193561931322924,0.012986602045077317,0.01777964215883171,0.022572682272586103,0.027365722386340496,0.03215876250009489,0.03695180261384928,0.041744842727603676,0.04653788284135807,0.05133092295511249,0.05612396306886688,0.06091700318262128,0.06571004329637567,0.07050308341013006,0.07529612352388446,0.08008916363763885,0.08488220375139324,0.08967524386514764,0.09446828397890203,0.09926132409265642,0.10405436420641084,0.10884740432016524,0.11364044443391963,0.11843348454767402,0.12322652466142842,0.12801956477518284,0.1328126048889372,0.13760564500269162,0.142398685116446,0.1471917252302004,0.15198476534395478,0.1567778054577092,0.16157084557146356,0.16636388568521798,0.17115692579897235,0.17594996591272677]},"dGamma_dt_convergence":{"format":"png","width":1000,"height":600,"caption":"dGamma_dt Convergence","_type":"image-file","sha256":"694e0a496d2490a9fc37d70a0bc3f601e2f8c5bd9c1139de83e3991662269151","size":25791,"path":"media/images/dGamma_dt_convergence_5_694e0a496d2490a9fc37.png"},"dTheta_dt_error_std":0.11856861825639854,"_wandb":{"runtime":1376}}