{"dGamma_dt_convergence":{"height":600,"caption":"dGamma_dt Convergence","_type":"image-file","sha256":"4c5d0f9ea1cd24a78f1a9b8f8dafa3775c56a7803319f76bfdff3a095702d451","size":24239,"path":"media/images/dGamma_dt_convergence_3_4c5d0f9ea1cd24a78f1a.png","format":"png","width":1000},"dGamma_dt_error_std":0.07096261697380048,"dTheta_dt_error_std":1.0551704577537346,"dGamma_dt_error_min":-0.20424565472950834,"_wandb":{"runtime":1618},"r2_score_dgamma_dt":-0.35498481249357616,"Number of Features For Theta":9,"dGamma_dt_error_hist":{"values":[20,8,9,8,9,6,7,8,6,7,7,7,7,8,7,7,8,6,8,7,7,8,6,7,7,7,7,7,7,6,8,6,7,5,8,6,7,8,7,9,6,8,8,8,8,9,8,9,10,8,9,10,10,9,11,13,33,114,100,9,12,91,70,68],"bins":[-0.20424565472950834,-0.20065780682937423,-0.19706995892924015,-0.19348211102910604,-0.18989426312897192,-0.1863064152288378,-0.18271856732870373,-0.17913071942856962,-0.1755428715284355,-0.1719550236283014,-0.1683671757281673,-0.1647793278280332,-0.1611914799278991,-0.157603632027765,-0.1540157841276309,-0.15042793622749678,-0.14684008832736267,-0.14325224042722856,-0.13966439252709448,-0.13607654462696037,-0.13248869672682628,-0.12890084882669217,-0.12531300092655806,-0.12172515302642395,-0.11813730512628985,-0.11454945722615574,-0.11096160932602164,-0.10737376142588753,-0.10378591352575343,-0.10019806562561932,-0.09661021772548523,-0.09302236982535111,-0.08943452192521702,-0.08584667402508292,-0.08225882612494881,-0.0786709782248147,-0.07508313032468061,-0.0714952824245465,-0.06790743452441239,-0.06431958662427828,-0.060731738724144196,-0.057143890824010085,-0.053556042923875974,-0.04996819502374186,-0.04638034712360778,-0.04279249922347367,-0.03920465132333956,-0.035616803423205445,-0.03202895552307136,-0.02844110762293725,-0.02485325972280314,-0.021265411822669056,-0.017677563922534945,-0.014089716022400833,-0.010501868122266722,-0.0069140202221326386,-0.0033261723219985273,0.00026167557813558395,0.003849523478269695,0.007437371378403779,0.01102521927853789,0.014613067178672001,0.018200915078806112,0.021788762978940196,0.025376610879074314],"_type":"histogram"},"dGamma_dt_error_max":0.025376610879074314,"_step":5,"dTheta_dt_error_median":2.5687832372142356,"_runtime":1618.552227219,"dGamma_dt_best_complexity":4,"dGamma_dt_error_median":0.00015056504204344345,"dGamma_dt_error_mean":-0.04228009870449657,"_timestamp":1.746221582586377e+09,"dTheta_dt_convergence":{"caption":"dTheta_dt Convergence","_type":"image-file","sha256":"c2d458479c40a55aa710689d32311d46f3a6fa955585c686ee4b2451f286e749","size":26906,"path":"media/images/dTheta_dt_convergence_2_c2d458479c40a55aa710.png","format":"png","width":1000,"height":600},"Number of Features for Gamma":9,"Number of Training Samples for Gamma":14956,"dTheta_dt_error_mean":2.6986828859667504,"Number of Training Samples for theta":14956,"dTheta_dt_best_complexity":4,"eq_dtheta_dt_final":"complexity                                                       4\nloss                                                      0.001887\nscore                                                     0.250111\nequation                      (angle_proj_tanh * abs(theta_angle))\nsympy_format                      angle_proj_tanh*Abs(theta_angle)\nlambda_format    PySRFunction(X=>angle_proj_tanh*Abs(theta_angle))\nName: 2, dtype: object","dGamma_dt_scatter":{"format":"png","width":640,"height":480,"caption":"dGamma_dt","_type":"image-file","sha256":"c6589e2cdd17f243a6bc94d0403ff528f78e6a759048b47485bc35fadec0f0fb","size":24164,"path":"media/images/dGamma_dt_scatter_1_c6589e2cdd17f243a6bc.png"},"dTheta_dt_error_max":4.3476946783633075,"r2_score_dtheta_dt":-6386.18154063528,"dTheta_dt_error_hist":{"_type":"histogram","values":[5,4,5,4,5,3,4,3,4,3,5,4,3,4,3,5,4,4,3,3,3,4,3,4,3,3,4,39,31,30,50,78,33,22,21,18,19,35,71,65,11,12,5,5,5,5,6,5,6,6,5,7,6,6,7,9,8,9,8,12,24,29,26,105],"bins":[-0.0011331206360191636,0.0668173137233453,0.13476774808270978,0.20271818244207424,0.2706686168014387,0.3386190511608032,0.40656948552016764,0.4745199198795321,0.5424703542388967,0.6104207885982611,0.6783712229576256,0.7463216573169901,0.8142720916763545,0.882222526035719,0.9501729603950835,1.018123394754448,1.0860738291138123,1.1540242634731768,1.2219746978325412,1.2899251321919059,1.3578755665512703,1.4258260009106347,1.4937764352699991,1.5617268696293636,1.629677303988728,1.6976277383480927,1.765578172707457,1.8335286070668215,1.901479041426186,1.9694294757855504,2.037379910144915,2.1053303445042792,2.173280778863644,2.2412312132230086,2.3091816475823728,2.3771320819417374,2.4450825163011016,2.5130329506604663,2.580983385019831,2.648933819379195,2.71688425373856,2.784834688097924,2.8527851224572887,2.9207355568166533,2.9886859911760175,3.056636425535382,3.1245868598947464,3.192537294254111,3.2604877286134752,3.32843816297284,3.3963885973322046,3.4643390316915688,3.5322894660509334,3.6002399004102976,3.6681903347696623,3.736140769129027,3.804091203488391,3.872041637847756,3.93999207220712,4.0079425065664855,4.07589294092585,4.143843375285214,4.211793809644578,4.279744244003943,4.3476946783633075]},"dTheta_dt_error_min":-0.0011331206360191636,"dTheta_dt_scatter":{"caption":"dTheta_dt","_type":"image-file","sha256":"d6702c0b3679ee7643152113a55b2e4a00abc80dc50db94c969cb5a425f4765f","size":39615,"path":"media/images/dTheta_dt_scatter_0_d6702c0b3679ee764315.png","format":"png","width":640,"height":480},"eq_dgamma_dt_final":"complexity                                                     4\nloss                                                     0.00456\nscore                                                   0.034052\nequation                         square(0.00062452833 * v_surge)\nsympy_format                      3.90035634972589e-7*v_surge**2\nlambda_format    PySRFunction(X=>3.90035634972589e-7*v_surge**2)\nName: 2, dtype: object"}