{"dGamma_dt_error_min":-0.08918195701457467,"_wandb":{"runtime":33},"dGamma_dt_best_complexity":6,"r2_score_dgamma_dt":-1.1042105573200396,"dTheta_dt_error_hist":{"_type":"histogram","values":[9,27,16,13,12,2,1,1,1,0,1,1,0,1,0,1,0,1,0,0,1,0,1,0,0,1,0,0,1,0,0,0,1,0,0,0,1,0,0,0,1,0,0,0,0,1,0,0,0,0,1,0,0,0,1,0,1,0,1,0,27,30,16,16],"bins":[-0.20197842281172998,-0.19874009645133098,-0.195501770090932,-0.192263443730533,-0.189025117370134,-0.18578679100973503,-0.18254846464933602,-0.17931013828893705,-0.17607181192853805,-0.17283348556813904,-0.16959515920774007,-0.16635683284734107,-0.1631185064869421,-0.1598801801265431,-0.1566418537661441,-0.1534035274057451,-0.15016520104534611,-0.14692687468494714,-0.14368854832454814,-0.14045022196414914,-0.13721189560375013,-0.13397356924335116,-0.13073524288295216,-0.12749691652255318,-0.12425859016215418,-0.12102026380175519,-0.1177819374413562,-0.1145436110809572,-0.11130528472055821,-0.10806695836015923,-0.10482863199976022,-0.10159030563936124,-0.09835197927896225,-0.09511365291856326,-0.09187532655816427,-0.08863700019776527,-0.08539867383736628,-0.0821603474769673,-0.07892202111656829,-0.07568369475616932,-0.07244536839577032,-0.06920704203537131,-0.06596871567497234,-0.06273038931457334,-0.059492062954174335,-0.05625373659377536,-0.05301541023337636,-0.049777083872977385,-0.04653875751257838,-0.04330043115217938,-0.040062104791780406,-0.036823778431381404,-0.03358545207098243,-0.030347125710583428,-0.027108799350184426,-0.02387047298978545,-0.02063214662938645,-0.017393820268987448,-0.014155493908588473,-0.010917167548189471,-0.007678841187790469,-0.004440514827391495,-0.0012021884669924932,0.002036137893406481,0.00527446425380549]},"dTheta_dt_scatter":{"size":25745,"path":"media/images/dTheta_dt_scatter_0_3a9390150d0ecf503315.png","format":"png","width":640,"height":480,"caption":"dTheta_dt","_type":"image-file","sha256":"3a9390150d0ecf503315992daf28476c814287727cc7d2db4a891d8a6b8008bb"},"dGamma_dt_error_mean":0.03894983195319512,"feature_usage_dtheta_dt/x15":1,"Number of Features":18,"dTheta_dt_error_min":-0.20197842281172998,"dTheta_dt_error_std":0.09259183893829905,"dGamma_dt_error_median":-0.0027183906426923657,"eq_dtheta_dt_final":"complexity                                                7\nloss                                               0.000216\nequation                      square(x15 * cos(-1.5171528))\nscore                                              0.027437\nsympy_format                      x15**2*cos(-1.5171528)**2\nlambda_format    PySRFunction(X=>x15**2*cos(-1.5171528)**2)\nName: 4, dtype: object","_step":5,"_runtime":32.5134911,"dTheta_dt_best_complexity":7,"dGamma_dt_scatter":{"height":480,"caption":"dGamma_dt","_type":"image-file","sha256":"7d6b59ae2fe492e8495f60d54082daccf67b42b355a09c243c0a76144e30524f","size":30153,"path":"media/images/dGamma_dt_scatter_1_7d6b59ae2fe492e8495f.png","format":"png","width":640},"Number of Training Samples":349,"dTheta_dt_error_median":-0.06278981642722845,"dTheta_dt_convergence":{"caption":"dTheta_dt Convergence","_type":"image-file","sha256":"9c941a01f3cbaf1ccf5cc31d05a535c38179e0ce75a0dd6a81d798a81f5a275f","size":25140,"path":"media/images/dTheta_dt_convergence_4_9c941a01f3cbaf1ccf5c.png","format":"png","width":1000,"height":600},"_timestamp":1.7447234296070771e+09,"dGamma_dt_error_std":0.09525513367993425,"dGamma_dt_error_hist":{"bins":[-0.08918195701457467,-0.0851849007969287,-0.08118784457928271,-0.07719078836163674,-0.07319373214399078,-0.06919667592634479,-0.06519961970869882,-0.06120256349105285,-0.057205507273406876,-0.0532084510557609,-0.04921139483811493,-0.045214338620468954,-0.04121728240282298,-0.03722022618517701,-0.03322316996753103,-0.029226113749885062,-0.025229057532239085,-0.021232001314593116,-0.017234945096947132,-0.013237888879301163,-0.009240832661655193,-0.00524377644400921,-0.0012467202263632404,0.002750335991282729,0.0067473922089287125,0.010744448426574682,0.014741504644220652,0.01873856086186662,0.022735617079512604,0.026732673297158574,0.030729729514804544,0.03472678573245053,0.038723841950096496,0.04272089816774248,0.046717954385388435,0.05071501060303442,0.0547120668206804,0.05870912303832636,0.06270617925597234,0.06670323547361832,0.07070029169126428,0.07469734790891026,0.07869440412655625,0.0826914603442022,0.08668851656184819,0.09068557277949417,0.09468262899714013,0.09867968521478611,0.10267674143243209,0.10667379765007805,0.11067085386772403,0.11466791008536999,0.11866496630301597,0.12266202252066195,0.1266590787383079,0.1306561349559539,0.13465319117359986,0.13865024739124582,0.14264730360889183,0.14664435982653778,0.15064141604418374,0.15463847226182975,0.1586355284794757,0.16263258469712172,0.16662964091476767],"_type":"histogram","values":[12,6,5,3,4,3,3,4,2,1,3,1,2,5,4,4,3,5,5,6,7,9,2,1,1,1,0,1,1,0,1,1,1,0,1,1,0,1,1,1,1,0,1,1,1,1,1,1,1,1,2,1,1,1,1,2,1,2,2,1,3,17,15,18]},"dGamma_dt_convergence":{"height":600,"caption":"dGamma_dt Convergence","_type":"image-file","sha256":"35e97b96794abd2e0ca3d35973835dc0806d4b4323a9728da53a2da2b949b32b","size":21761,"path":"media/images/dGamma_dt_convergence_5_35e97b96794abd2e0ca3.png","format":"png","width":1000},"dTheta_dt_error_mean":-0.09419773946869725,"dGamma_dt_error_max":0.16662964091476767,"dTheta_dt_error_max":0.00527446425380549,"eq_dgamma_dt_final":"complexity                                              6\nloss                                             0.000822\nequation                      x4 * abs(sin(-0.020949198))\nscore                                            0.201142\nsympy_format                      x4*(-sin(-0.020949198))\nlambda_format    PySRFunction(X=>x4*(-sin(-0.020949198)))\nName: 2, dtype: object","r2_score_dtheta_dt":-12.222868439973169}