{"_timestamp":1.7454024375896838e+09,"_runtime":1239.707604034,"_step":0,"EL_residual_mse_theta":0,"EL_residual_mse_gamma":0,"_wandb":{"runtime":1239},"best_lagrangian":"(-0.04321432 - -0.04321432)"}