{"dTheta_dt_error_median":-2089.3155360778082,"dGamma_dt_error_min":-0.2041831173472844,"dTheta_dt_convergence":{"width":1000,"height":600,"caption":"dTheta_dt Convergence","_type":"image-file","sha256":"6850ff8029e52b5454f6b79fa1bd8e041abd5d5443741525f86111651f08d209","size":24209,"path":"media/images/dTheta_dt_convergence_2_6850ff8029e52b5454f6.png","format":"png"},"dGamma_dt_error_hist":{"values":[20,8,9,8,9,6,7,8,6,7,7,7,7,8,7,7,8,6,8,7,7,8,6,7,7,7,7,7,7,6,8,6,7,5,8,6,7,8,7,9,6,8,8,8,8,9,8,9,10,8,9,10,10,9,12,12,33,114,100,9,12,91,70,68],"bins":[-0.2041831173472844,-0.2005961886075964,-0.1970092598679084,-0.1934223311282204,-0.18983540238853241,-0.18624847364884442,-0.18266154490915643,-0.1790746161694684,-0.1754876874297804,-0.17190075869009241,-0.16831382995040442,-0.16472690121071643,-0.16113997247102843,-0.15755304373134044,-0.15396611499165244,-0.15037918625196445,-0.14679225751227645,-0.14320532877258846,-0.13961840003290044,-0.13603147129321247,-0.13244454255352445,-0.12885761381383648,-0.12527068507414846,-0.12168375633446046,-0.11809682759477247,-0.11450989885508447,-0.11092297011539648,-0.10733604137570849,-0.10374911263602049,-0.10016218389633248,-0.09657525515664449,-0.0929883264169565,-0.0894013976772685,-0.0858144689375805,-0.08222754019789251,-0.0786406114582045,-0.0750536827185165,-0.07146675397882851,-0.06787982523914052,-0.06429289649945252,-0.06070596775976453,-0.057119039020076534,-0.05353211028038854,-0.049945181540700545,-0.04635825280101255,-0.04277132406132453,-0.039184395321636534,-0.03559746658194854,-0.032010537842260545,-0.02842360910257255,-0.024836680362884556,-0.02124975162319656,-0.017662822883508567,-0.014075894143820572,-0.010488965404132577,-0.006902036664444583,-0.0033151079247565884,0.0002718208149314061,0.0038587495546194284,0.007445678294307423,0.011032607033995417,0.014619535773683412,0.018206464513371406,0.0217933932530594,0.02538032199274739],"_type":"histogram"},"dGamma_dt_error_std":0.0709484068040215,"_step":5,"dGamma_dt_error_median":0.0001493148189347232,"Number of Training Samples for Gamma":5236,"r2_score_dgamma_dt":-0.3544300237757392,"Number of Features for Gamma":13,"dGamma_dt_best_complexity":6,"eq_dtheta_dt_final":"complexity                                                    6\nloss                                                   0.001697\nscore                                                  0.115544\nequation                        (square(0.012046647 / x4) * x0)\nsympy_format                      0.000145121703942609*x0/x4**2\nlambda_format    PySRFunction(X=>0.000145121703942609*x0/x4**2)\nName: 4, dtype: object","dTheta_dt_error_mean":-1136.8237717681084,"feature_usage_dtheta_dt/x4":1,"dTheta_dt_scatter":{"caption":"dTheta_dt","_type":"image-file","sha256":"e24dc3ddef276db86d50088dbe166af37150043e516f8501ccf4035019be535b","size":23947,"path":"media/images/dTheta_dt_scatter_0_e24dc3ddef276db86d50.png","format":"png","width":640,"height":480},"dTheta_dt_error_max":0.11593948361653476,"dGamma_dt_scatter":{"path":"media/images/dGamma_dt_scatter_1_c6589e2cdd17f243a6bc.png","format":"png","width":640,"height":480,"caption":"dGamma_dt","_type":"image-file","sha256":"c6589e2cdd17f243a6bc94d0403ff528f78e6a759048b47485bc35fadec0f0fb","size":24164},"Number of Training Samples for theta":5236,"dGamma_dt_error_mean":-0.04227090696374461,"dTheta_dt_error_min":-2089.3849654841238,"_wandb":{"runtime":525},"feature_usage_dtheta_dt/x0":1,"Number of Features For Theta":6,"r2_score_dtheta_dt":-1.806899060729282e+09,"dTheta_dt_best_complexity":6,"eq_dgamma_dt_final":"complexity                                                       6\nloss                                                      0.005911\nscore                                                     0.067723\nequation                       (square(-0.004549538) * (x3 - x11))\nsympy_format       -2.0698296013444e-5*x11 + 2.0698296013444e-5*x3\nlambda_format    PySRFunction(X=>-2.0698296013444e-5*x11 + 2.06...\nName: 5, dtype: object","dGamma_dt_error_max":0.02538032199274739,"_runtime":525.233941836,"dGamma_dt_convergence":{"height":600,"caption":"dGamma_dt Convergence","_type":"image-file","sha256":"49625d101ec6be1b35e990d0bc967f4acf9f3ad10e9236ca5e290fc6e7f9e6f6","size":26490,"path":"media/images/dGamma_dt_convergence_3_49625d101ec6be1b35e9.png","format":"png","width":1000},"dTheta_dt_error_hist":{"values":[512,0,0,0,0,0,0,0,0,0,0,0,0,0,0,0,0,0,0,0,0,0,0,0,0,0,0,0,0,0,0,0,0,0,0,0,0,0,0,0,0,0,0,0,0,0,0,0,0,0,0,0,0,0,0,0,0,0,0,0,0,0,0,429],"bins":[-2089.3849654841238,-2056.7365138440027,-2024.088062203882,-1991.4396105637609,-1958.79115892364,-1926.142707283519,-1893.4942556433982,-1860.8458040032772,-1828.1973523631564,-1795.5489007230353,-1762.9004490829143,-1730.2519974427935,-1697.6035458026724,-1664.9550941625516,-1632.3066425224306,-1599.6581908823096,-1567.0097392421887,-1534.361287602068,-1501.712835961947,-1469.0643843218259,-1436.415932681705,-1403.767481041584,-1371.1190294014632,-1338.4705777613422,-1305.8221261212211,-1273.1736744811003,-1240.5252228409795,-1207.8767712008585,-1175.2283195607374,-1142.5798679206164,-1109.9314162804956,-1077.2829646403748,-1044.6345130002537,-1011.9860613601327,-979.3376097200119,-946.6891580798908,-914.04070643977,-881.392254799649,-848.7438031595282,-816.0953515194071,-783.4468998792863,-750.7984482391653,-718.1499965990442,-685.5015449589234,-652.8530933188024,-620.2046416786816,-587.5561900385605,-554.9077383984397,-522.2592867583187,-489.61083511819766,-456.96238347807684,-424.3139318379558,-391.665480197835,-359.01702855771396,-326.36857691759315,-293.7201252774721,-261.07167363735107,-228.42322199723026,-195.77477035710922,-163.1263187169884,-130.47786707686737,-97.82941543674656,-65.18096379662552,-32.53251215650471,0.11593948361653476],"_type":"histogram"},"dTheta_dt_error_std":1040.621041558005,"_timestamp":1.7459701171965218e+09}