Complexity,Loss,Equation
1,0.002080915,"0.0019543795"
2,0.0020769327,"square(0.0019543795)"
3,0.0019275137,"(0.005973261 / x6)"
4,0.0019274097,"tanh(0.005973261 / x6)"
5,0.0019141965,"((0.005973261 / x6) / 0.775011)"
15,0.0016537565,"tanh(sin(square(square(tanh(sin(tanh(cos(square(0.73410094)) + sin(-1.5773052)))))) * x0))"
