{"dTheta_dt_error_max":0.055106722116300424,"feature_usage_dtheta_dt/x6":1,"dTheta_dt_convergence":{"_type":"image-file","sha256":"a30f7eb0a5873ed8a303e20819c82e8084bdacb012481b29bc6008152c7c3d26","size":29878,"path":"media/images/dTheta_dt_convergence_4_a30f7eb0a5873ed8a303.png","format":"png","width":1000,"height":600,"caption":"dTheta_dt Convergence"},"dGamma_dt_error_median":0.015268535064403732,"dTheta_dt_best_complexity":13,"r2_score_dgamma_dt":0.49889298268803717,"dTheta_dt_error_std":0.04979043393972205,"feature_usage_dtheta_dt/x16":2,"Number of Training Samples":14956,"dTheta_dt_error_min":-0.09147956821417944,"dGamma_dt_error_max":0.09449274279462344,"dGamma_dt_error_min":-0.0013215365859256256,"_step":5,"Number of Features":17,"dTheta_dt_error_hist":{"_type":"histogram","values":[37,79,59,64,5,8,7,6,11,52,32,36,8,4,4,4,3,4,2,3,3,3,3,2,2,1,2,1,1,3,4,2,3,2,1,2,1,2,1,11,89,25,19,19,59,50,41,6,6,6,5,5,4,6,8,8,8,7,9,9,9,9,19,37],"bins":[-0.09147956821417944,-0.08918915742776569,-0.08689874664135194,-0.0846083358549382,-0.08231792506852445,-0.08002751428211069,-0.07773710349569694,-0.0754466927092832,-0.07315628192286945,-0.0708658711364557,-0.06857546035004196,-0.06628504956362821,-0.06399463877721445,-0.06170422799080071,-0.05941381720438696,-0.05712340641797321,-0.05483299563155947,-0.05254258484514572,-0.050252174058731974,-0.04796176327231822,-0.045671352485904475,-0.04338094169949073,-0.041090530913076975,-0.03880012012666323,-0.03650970934024948,-0.034219298553835736,-0.03192888776742199,-0.029638476981008237,-0.027348066194594484,-0.025057655408180737,-0.02276724462176699,-0.020476833835353245,-0.0181864230489395,-0.015896012262525752,-0.013605601476112006,-0.01131519068969826,-0.009024779903284513,-0.006734369116870753,-0.004443958330457007,-0.0021535475440432605,0.00013686324237048575,0.002427274028784232,0.004717684815197978,0.007008095601611725,0.009298506388025485,0.011588917174439231,0.013879327960852977,0.016169738747266724,0.01846014953368047,0.020750560320094216,0.023040971106507963,0.02533138189292171,0.027621792679335455,0.029912203465749215,0.03220261425216296,0.03449302503857671,0.03678343582499047,0.0390738466114042,0.04136425739781796,0.04365466818423169,0.04594507897064545,0.048235489757059186,0.050525900543472946,0.05281631132988668,0.055106722116300424]},"eq_dgamma_dt_final":"complexity                                                      14\nloss                                                      0.001974\nscore                                                     0.076896\nequation         (-0.036634963 * (((x6 - abs(sin(x7) * -1.80786...\nsympy_format     -0.036634963*x13*(x6 - 1.8078666*Abs(sin(x7)))...\nlambda_format    PySRFunction(X=>-0.036634963*x13*(x6 - 1.80786...\nName: 9, dtype: object","feature_usage_dtheta_dt/x7":1,"dGamma_dt_error_mean":0.03779648273840403,"_timestamp":1.7449846349874704e+09,"dGamma_dt_best_complexity":14,"eq_dtheta_dt_final":"complexity                                                      13\nloss                                                      0.001391\nscore                                                     0.072142\nequation         (abs((-0.025336644 * (abs(x7) + x6)) * (x16 - ...\nsympy_format     x16*Abs((x16 - 0.6024276)*(0.025336644*x6 + 0....\nlambda_format    PySRFunction(X=>x16*Abs((x16 - 0.6024276)*(0.0...\nName: 8, dtype: object","dGamma_dt_scatter":{"sha256":"1bf8e4b5279a1eba90f65deba0aa42060b3e859223d12bc4557c3286b077134c","size":44823,"path":"media/images/dGamma_dt_scatter_1_1bf8e4b5279a1eba90f6.png","format":"png","width":640,"height":480,"caption":"dGamma_dt","_type":"image-file"},"_wandb":{"runtime":192080},"_runtime":192079.966687431,"dGamma_dt_convergence":{"_type":"image-file","sha256":"abe7b6dcf4b2454035d0822bcb5b35e5b7fd9a2131227a90e807cc91d76197dd","size":28663,"path":"media/images/dGamma_dt_convergence_5_abe7b6dcf4b2454035d0.png","format":"png","width":1000,"height":600,"caption":"dGamma_dt Convergence"},"dTheta_dt_error_mean":-0.027058390528159476,"dGamma_dt_error_std":0.033088540475050436,"r2_score_dtheta_dt":-1.442845141895921,"dTheta_dt_scatter":{"height":480,"caption":"dTheta_dt","_type":"image-file","sha256":"b5156d1c492468dc34a9b1c00394de4511e27723f99d7295f02fa98387ce8295","size":43793,"path":"media/images/dTheta_dt_scatter_0_b5156d1c492468dc34a9.png","format":"png","width":640},"dTheta_dt_error_median":0,"dGamma_dt_error_hist":{"_type":"histogram","values":[43,26,21,24,20,30,20,29,55,113,88,20,5,3,2,2,1,2,1,2,1,1,1,5,11,3,4,3,14,5,8,6,12,9,10,11,8,8,8,8,7,5,8,6,7,9,5,9,9,8,8,9,10,12,15,13,17,12,10,17,18,21,27,36],"bins":[-0.0013215365859256256,0.00017556152939545355,0.0016726596447165327,0.0031697577600376114,0.004666855875358691,0.006163953990679771,0.0076610521060008485,0.009158150221321928,0.010655248336643008,0.012152346451964087,0.013649444567285167,0.015146542682606245,0.016643640797927323,0.018140738913248404,0.019637837028569482,0.021134935143890563,0.02263203325921164,0.02412913137453272,0.0256262294898538,0.027123327605174878,0.02862042572049596,0.030117523835817034,0.031614621951138115,0.033111720066459197,0.03460881818178027,0.03610591629710135,0.037603014412422434,0.039100112527743515,0.04059721064306459,0.04209430875838567,0.04359140687370675,0.045088504989027826,0.04658560310434891,0.04808270121966999,0.04957979933499106,0.051076897450312145,0.052573995565633226,0.0540710936809543,0.05556819179627538,0.05706528991159646,0.058562388026917545,0.06005948614223862,0.06155658425755969,0.06305368237288078,0.06455078048820186,0.06604787860352293,0.06754497671884402,0.06904207483416509,0.07053917294948617,0.07203627106480726,0.07353336918012833,0.07503046729544942,0.07652756541077049,0.07802466352609157,0.07952176164141266,0.08101885975673373,0.0825159578720548,0.08401305598737589,0.08551015410269697,0.08700725221801804,0.08850435033333913,0.0900014484486602,0.09149854656398128,0.09299564467930237,0.09449274279462344]}}