{"dTheta_dt_error_min":-0.007364080864947284,"_timestamp":1.7466179847908115e+09,"r2_score_dgamma_dt":-0.38535945874395483,"dGamma_dt_error_mean":-0.04490186906465071,"eq_dtheta_dt_final":"complexity                                           3\nloss                                          0.716207\nscore                                         0.327823\nequation                      (0.0039390866 * v_surge)\nsympy_format                      0.0039390866*v_surge\nlambda_format    PySRFunction(X=>0.0039390866*v_surge)\nName: 2, dtype: object","dTheta_dt_error_hist":{"values":[125,99,53,30,4,4,4,3,3,3,2,3,3,3,3,3,3,2,3,123,125,78,51,42,6,7,6,4,5,5,6,4,5,5,4,5,4,4,4,5,4,3,4,3,4,3,4,3,4,4,3,2,3,4,3,3,3,3,3,3,4,5,5,10],"bins":[-0.007364080864947284,-0.0051836976149856615,-0.0030033143650240388,-0.000822931115062416,0.0013574521348992067,0.0035378353848608286,0.005718218634822452,0.007898601884784076,0.010078985134745698,0.01225936838470732,0.014439751634668941,0.016620134884630565,0.018800518134592187,0.02098090138455381,0.023161284634515437,0.02534166788447706,0.02752205113443868,0.029702434384400303,0.031882817634361925,0.03406320088432355,0.03624358413428517,0.0384239673842468,0.04060435063420842,0.04278473388417004,0.04496511713413166,0.047145500384093285,0.04932588363405491,0.05150626688401653,0.05368665013397816,0.05586703338393977,0.0580474166339014,0.060227799883863016,0.062408183133824645,0.06458856638378627,0.06676894963374788,0.06894933288370951,0.07112971613367113,0.07331009938363275,0.07549048263359437,0.077670865883556,0.07985124913351761,0.08203163238347924,0.08421201563344087,0.08639239888340249,0.08857278213336411,0.09075316538332573,0.09293354863328736,0.09511393188324897,0.0972943151332106,0.09947469838317223,0.10165508163313385,0.10383546488309547,0.10601584813305709,0.10819623138301872,0.11037661463298033,0.11255699788294196,0.11473738113290359,0.1169177643828652,0.11909814763282682,0.12127853088278846,0.12345891413275008,0.1256392973827117,0.12781968063267332,0.13000006388263496,0.13218044713259658],"_type":"histogram"},"dGamma_dt_error_std":0.0704278323970242,"dGamma_dt_error_min":-0.20568672044336134,"_wandb":{"runtime":1851},"Number of Features For Theta":13,"_runtime":1848.829861136,"dGamma_dt_error_median":-0.0016273350397348202,"dGamma_dt_error_hist":{"bins":[-0.20568672044336134,-0.20216796043801227,-0.19864920043266318,-0.19513044042731412,-0.19161168042196502,-0.18809292041661596,-0.1845741604112669,-0.1810554004059178,-0.17753664040056874,-0.17401788039521965,-0.17049912038987058,-0.16698036038452152,-0.16346160037917243,-0.15994284037382336,-0.15642408036847427,-0.1529053203631252,-0.14938656035777614,-0.14586780035242705,-0.14234904034707796,-0.1388302803417289,-0.13531152033637983,-0.13179276033103077,-0.12827400032568168,-0.1247552403203326,-0.12123648031498352,-0.11771772030963445,-0.11419896030428538,-0.1106802002989363,-0.10716144029358722,-0.10364268028823814,-0.10012392028288908,-0.09660516027754,-0.09308640027219092,-0.08956764026684184,-0.08604888026149277,-0.0825301202561437,-0.07901136025079461,-0.07549260024544555,-0.07197384024009648,-0.06845508023474739,-0.06493632022939833,-0.061417560224049234,-0.05789880021870017,-0.054380040213351105,-0.05086128020800201,-0.04734252020265295,-0.04382376019730386,-0.04030500019195479,-0.0367862401866057,-0.03326748018125664,-0.029748720175907573,-0.02622996017055848,-0.022711200165209416,-0.019192440159860324,-0.01567368015451126,-0.012154920149162196,-0.008636160143813104,-0.00511740013846404,-0.001598640133114948,0.0019201198722341162,0.00543887987758318,0.008957639882932272,0.012476399888281337,0.01599515989363043,0.019513919898979486],"_type":"histogram","values":[20,8,8,8,9,7,7,8,6,7,6,7,8,7,8,6,8,7,6,8,7,7,7,7,6,7,6,8,7,6,7,6,7,6,7,6,7,8,7,7,7,8,7,9,7,8,8,9,9,10,8,10,9,9,11,11,12,25,91,131,11,76,65,95]},"Number of Features for Gamma":13,"dTheta_dt_best_complexity":3,"r2_score_dtheta_dt":-0.6334023545374645,"dGamma_dt_error_max":0.019513919898979486,"dGamma_dt_scatter":{"sha256":"3175186fc575343db6a9b616dd3d614bb712bc1ef004a74645f905787bf1520c","size":25453,"path":"media/images/dGamma_dt_scatter_1_3175186fc575343db6a9.png","format":"png","width":640,"height":480,"caption":"dGamma_dt","_type":"image-file"},"dGamma_dt_best_complexity":3,"dGamma_dt_convergence":{"sha256":"b588279ed2a189393714ca6922f48d54aec26eff1a2fbf822e488a8f095fdafb","size":25177,"path":"media/images/dGamma_dt_convergence_3_b588279ed2a189393714.png","format":"png","width":1000,"height":600,"caption":"dGamma_dt Convergence","_type":"image-file"},"Number of Training Samples for Gamma":14956,"Number of Training Samples for theta":14956,"dTheta_dt_error_mean":0.031912666510327835,"eq_dgamma_dt_final":"complexity                                               3\nloss                                              0.879335\nscore                                             0.122517\nequation                      (0.009811074 * gamma_v_sway)\nsympy_format                      0.009811074*gamma_v_sway\nlambda_format    PySRFunction(X=>0.009811074*gamma_v_sway)\nName: 2, dtype: object","_step":5,"dTheta_dt_error_std":0.033597201329613115,"dTheta_dt_convergence":{"width":1000,"height":600,"caption":"dTheta_dt Convergence","_type":"image-file","sha256":"f3460505b0928733388ff1360676fe401a6d0f8e03a42dc51237aa0bdd8fd38a","size":20398,"path":"media/images/dTheta_dt_convergence_2_f3460505b0928733388f.png","format":"png"},"dTheta_dt_error_max":0.13218044713259658,"dTheta_dt_error_median":0.0360845918972706,"dTheta_dt_scatter":{"path":"media/images/dTheta_dt_scatter_0_79f15cbcd0271ee07e93.png","format":"png","width":640,"height":480,"caption":"dTheta_dt","_type":"image-file","sha256":"79f15cbcd0271ee07e934d4a6353dbd03f9f9bc957acc8f5745dcff856faa3a0","size":33820}}