Complexity,Loss,Equation
1,0.004483057,"-1.7725007e-8"
3,0.0035712519,"(x4 * -0.026619745)"
5,0.0030619618,"((x4 - x1) * -0.026619745)"
7,0.0023390534,"(((x4 - x3) - x1) * -0.026619745)"
9,0.0020259805,"(0.025849277 * (((x3 - x15) - x4) * 1.5479789))"
11,0.001795806,"(0.025849277 * ((((x3 - x15) - x4) * 1.5479789) + x1))"
13,0.0017038914,"(0.025849277 * ((((x3 - x15) - x4) * 1.5479789) + sin(x1)))"
