{"feature_usage_dtheta_dt/x13":1,"_runtime":24843.173849867,"dGamma_dt_error_hist":{"bins":[-0.03827320333148804,-0.03697261631361707,-0.0356720292957461,-0.03437144227787514,-0.033070855260004174,-0.03177026824213321,-0.030469681224262243,-0.02916909420639128,-0.02786850718852031,-0.026567920170649344,-0.02526733315277838,-0.023966746134907416,-0.022666159117036448,-0.02136557209916548,-0.020064985081294517,-0.018764398063423553,-0.017463811045552585,-0.016163224027681618,-0.014862637009810654,-0.01356204999193969,-0.012261462974068722,-0.010960875956197755,-0.00966028893832679,-0.008359701920455827,-0.007059114902584859,-0.005758527884713892,-0.004457940866842924,-0.003157353848971964,-0.0018567668311009963,-0.0005561798132300289,0.0007444072046409317,0.002044994222511899,0.0033455812403828666,0.004646168258253834,0.005946755276124802,0.007247342293995762,0.00854792931186673,0.009848516329737697,0.011149103347608658,0.012449690365479625,0.013750277383350593,0.01505086440122156,0.016351451419092528,0.017652038436963488,0.018952625454834456,0.020253212472705423,0.021553799490576384,0.02285438650844735,0.02415497352631832,0.02545556054418928,0.026756147562060253,0.028056734579931214,0.02935732159780219,0.03065790861567315,0.03195849563354411,0.033259082651415084,0.034559669669286044,0.035860256687157005,0.03716084370502798,0.03846143072289894,0.0397620177407699,0.041062604758640875,0.042363191776511835,0.04366377879438281,0.04496436581225378],"_type":"histogram","values":[22,19,17,7,5,42,34,27,22,23,14,17,17,18,19,24,45,17,14,12,22,15,18,13,19,36,61,50,18,7,4,3,3,3,4,3,4,3,4,2,4,3,5,4,3,4,4,5,5,9,4,8,9,3,53,47,10,5,3,12,8,5,13,8]},"dGamma_dt_error_min":-0.03827320333148804,"dTheta_dt_error_min":-0.002788856569361304,"dTheta_dt_error_hist":{"values":[98,65,78,34,22,5,4,3,5,114,59,91,126,31,5,6,5,5,5,5,5,4,4,5,4,5,4,3,3,3,4,3,4,4,4,3,3,3,3,4,3,3,3,3,3,3,4,3,4,5,3,3,3,4,2,4,3,3,2,2,3,2,22,10],"bins":[-0.002788856569361304,-0.0009645309534005075,0.0008597946625602888,0.0026841202785210854,0.004508445894481882,0.006332771510442679,0.008157097126403475,0.009981422742364271,0.011805748358325067,0.013630073974285863,0.015454399590246661,0.017278725206207456,0.019103050822168254,0.020927376438129048,0.022751702054089846,0.02457602767005064,0.026400353286011438,0.028224678901972236,0.03004900451793303,0.03187333013389383,0.03369765574985463,0.035521981365815414,0.03734630698177621,0.03917063259773701,0.04099495821369781,0.042819283829658605,0.0446436094456194,0.0464679350615802,0.048292260677541,0.0501165862935018,0.05194091190946258,0.05376523752542338,0.05558956314138418,0.057413888757344975,0.05923821437330577,0.06106253998926657,0.06288686560522737,0.06471119122118817,0.06653551683714896,0.06835984245310976,0.07018416806907056,0.07200849368503136,0.07383281930099214,0.07565714491695294,0.07748147053291374,0.07930579614887454,0.08113012176483533,0.08295444738079613,0.08477877299675693,0.08660309861271773,0.08842742422867853,0.09025174984463931,0.09207607546060011,0.0939004010765609,0.0957247266925217,0.0975490523084825,0.0993733779244433,0.1011977035404041,0.1030220291563649,0.10484635477232569,0.10667068038828648,0.10849500600424727,0.11031933162020807,0.11214365723616887,0.11396798285212967],"_type":"histogram"},"dGamma_dt_error_mean":-0.004268948396083329,"feature_usage_dtheta_dt/x5":1,"_step":6,"dTheta_dt_error_max":0.11396798285212967,"dTheta_dt_error_median":0.016969374335750173,"feature_usage_dtheta_dt/x3":1,"dTheta_dt_error_std":0.02908222147156574,"dGamma_dt_scatter":{"size":46959,"path":"media/images/dGamma_dt_scatter_1_136d3a9431ec6c92c377.png","format":"png","width":640,"height":480,"caption":"dGamma_dt","_type":"image-file","sha256":"136d3a9431ec6c92c377a68573be52906aefa1bc90075c9635c98b35cac906fe"},"dGamma_dt_best_complexity":14,"r2_score_dgamma_dt":0.8834276493245944,"dTheta_dt_error_mean":0.023483287532544538,"r2_score_dtheta_dt":-0.06290338665543804,"eq_dgamma_dt_final":"complexity                                                      14\nloss                                                      0.001019\nscore                                                     0.129495\nequation         (0.042962857 * (((x5 * x10) - x15) - ((x4 + ta...\nsympy_format     0.042962857*x10*x5 - 0.042962857*x15 - 0.07562...\nlambda_format    PySRFunction(X=>0.042962857*x10*x5 - 0.0429628...\nName: 11, dtype: object","eq_dtheta_dt_final":"complexity                                                      12\nloss                                                      0.001374\nscore                                                     0.086426\nequation         ((0.10681447 * tanh(square(square(x3 + x5)))) ...\nsympy_format       0.10681447*(x13 - 0.7528422)*tanh((x3 + x5)**4)\nlambda_format    PySRFunction(X=>0.10681447*(x13 - 0.7528422)*t...\nName: 9, dtype: object","dTheta_dt_scatter":{"path":"media/images/dTheta_dt_scatter_0_37f07642dfc312d7e1d9.png","format":"png","width":640,"height":480,"caption":"dTheta_dt","_type":"image-file","sha256":"37f07642dfc312d7e1d973a3e5c842743b65f666908d80339e8da873794b8ab9","size":36930},"Number of Features":16,"dGamma_dt_error_std":0.023849522030770873,"dGamma_dt_convergence":{"width":1000,"height":600,"caption":"dGamma_dt Convergence","_type":"image-file","sha256":"3f12c8abda2255ce357f25633777ae37a52d414d0fe125f17fe38f17402b053f","size":29646,"path":"media/images/dGamma_dt_convergence_6_3f12c8abda2255ce357f.png","format":"png"},"dTheta_dt_convergence":{"format":"png","width":1000,"height":600,"caption":"dTheta_dt Convergence","_type":"image-file","sha256":"242778f5cad89a9af7d881dda0ce0e7c336a9910797566a73a4898678b1377cf","size":30247,"path":"media/images/dTheta_dt_convergence_5_242778f5cad89a9af7d8.png"},"dGamma_dt_error_max":0.04496436581225378,"_wandb":{"runtime":24843},"used_features_unit_safe":["x0 (m)","x1 (m)","x2 (m)","x3 (m/s)","x4 (m/s)","x5 (m/s)","x6 (m/s²)","x7 (m/s²)","x8 (m/s²)","x9 (unitless)","x10 (unitless)","x11 (unitless)","x12 (m)","x13 (unitless)","x14 (rad)","x15 (rad)"],"dGamma_dt_error_median":-0.008200917712762879,"dTheta_dt_best_complexity":12,"Number of Training Samples":14956,"_timestamp":1.7456009724581e+09}