{"EL_residual_mse_gamma":4.428257819974349e-31,"lagrangian_expression":"(((x1 * x1) + (x0 * x0))) - ((x1 * (x1 - ((((-0.7178824 - sin(0.25834885)) / x1) * x0) * x0))))","EL_residual_mse_theta":1.4547273217400999e-05,"T_expression":"((x1 * x1) + (x0 * x0))","_runtime":223.970307164,"_wandb":{"runtime":224},"_timestamp":1.745491551787601e+09,"_step":0,"V_expression":"(x1 * (x1 - ((((-0.7178824 - sin(0.25834885)) / x1) * x0) * x0)))"}