{"Number of Features For Theta":9,"dGamma_dt_error_std":0.07031914913191722,"Number of Training Samples for Gamma":14956,"dTheta_dt_error_max":0.1321121609081072,"dTheta_dt_best_complexity":4,"dGamma_dt_error_max":0.019515295101369547,"_step":5,"dGamma_dt_error_hist":{"_type":"histogram","values":[20,8,8,8,9,7,8,7,5,7,7,8,7,7,8,6,8,6,8,7,7,8,6,7,6,7,7,7,7,6,8,6,7,5,6,7,8,6,7,8,8,7,7,8,9,7,9,9,8,9,9,9,10,10,10,10,13,30,89,127,11,74,66,97],"bins":[-0.205174003245075,-0.20166323295841182,-0.19815246267174863,-0.1946416923850854,-0.19113092209842222,-0.18762015181175903,-0.18410938152509584,-0.18059861123843263,-0.17708784095176944,-0.17357707066510625,-0.17006630037844306,-0.16655553009177987,-0.16304475980511665,-0.15953398951845346,-0.15602321923179027,-0.15251244894512705,-0.14900167865846387,-0.14549090837180068,-0.1419801380851375,-0.1384693677984743,-0.1349585975118111,-0.1314478272251479,-0.1279370569384847,-0.1244262866518215,-0.12091551636515831,-0.1174047460784951,-0.11389397579183191,-0.11038320550516871,-0.10687243521850552,-0.10336166493184232,-0.09985089464517913,-0.09634012435851592,-0.09282935407185273,-0.08931858378518955,-0.08580781349852634,-0.08229704321186315,-0.07878627292519996,-0.07527550263853675,-0.07176473235187356,-0.06825396206521037,-0.06474319177854718,-0.06123242149188396,-0.05772165120522077,-0.05421088091855758,-0.05070011063189439,-0.04718934034523117,-0.043678570058567984,-0.040167799771904794,-0.036657029485241605,-0.033146259198578415,-0.029635488911915198,-0.026124718625252008,-0.02261394833858882,-0.01910317805192563,-0.015592407765262412,-0.012081637478599222,-0.008570867191936032,-0.005060096905272843,-0.0015493266186096255,0.001961443668053564,0.005472213954716754,0.008982984241379943,0.01249375452804316,0.01600452481470635,0.019515295101369547]},"dGamma_dt_convergence":{"size":24964,"path":"media/images/dGamma_dt_convergence_3_fed07b03156a4d0b7bf9.png","format":"png","width":1000,"height":600,"caption":"dGamma_dt Convergence","_type":"image-file","sha256":"fed07b03156a4d0b7bf9057fb0bc9fd6c025c10f9076cd7447a11029763d0729"},"_wandb":{"runtime":1740},"Number of Training Samples for theta":14956,"r2_score_dgamma_dt":-0.38003503526886107,"_runtime":1740.288100471,"dGamma_dt_error_mean":-0.04477345728184176,"dGamma_dt_error_min":-0.205174003245075,"dGamma_dt_scatter":{"_type":"image-file","sha256":"bf56e9089ec9f6297fce53892f33c97872c5ee16ab7765623069d917ffaab84a","size":26222,"path":"media/images/dGamma_dt_scatter_1_bf56e9089ec9f6297fce.png","format":"png","width":640,"height":480,"caption":"dGamma_dt"},"dTheta_dt_error_median":0.03607742773946041,"dGamma_dt_error_median":-0.0018005061915597614,"dTheta_dt_error_min":-0.006561804332187668,"r2_score_dtheta_dt":-0.6373745721336794,"dTheta_dt_error_std":0.0334669289423435,"dTheta_dt_convergence":{"size":23862,"path":"media/images/dTheta_dt_convergence_2_6d4f5370bdd514a393db.png","format":"png","width":1000,"height":600,"caption":"dTheta_dt Convergence","_type":"image-file","sha256":"6d4f5370bdd514a393dbd6978f88f54c4b2ec7fa54b3ab00c9584c1338e654b0"},"dTheta_dt_error_mean":0.03213061732369929,"eq_dtheta_dt_final":"complexity                                                   4\nloss                                                  0.664028\nscore                                                  0.29364\nequation                     (v_surge_l * square(-0.10842926))\nsympy_format                      0.0117569044241476*v_surge_l\nlambda_format    PySRFunction(X=>0.0117569044241476*v_surge_l)\nName: 3, dtype: object","eq_dgamma_dt_final":"complexity                                                 3\nloss                                                0.865873\nscore                                               0.143954\nequation                      (gamma_v_sway_l * 0.013056016)\nsympy_format                      0.013056016*gamma_v_sway_l\nlambda_format    PySRFunction(X=>0.013056016*gamma_v_sway_l)\nName: 2, dtype: object","dGamma_dt_best_complexity":3,"dTheta_dt_scatter":{"format":"png","width":640,"height":480,"caption":"dTheta_dt","_type":"image-file","sha256":"b7d7452dd790eb5794bbcd22b22a7461f6048a46736b0acb93285e7d22e5176d","size":34347,"path":"media/images/dTheta_dt_scatter_0_b7d7452dd790eb5794bb.png"},"Number of Features for Gamma":8,"dTheta_dt_error_hist":{"_type":"histogram","values":[142,93,59,13,4,4,3,4,2,3,3,3,3,3,3,3,2,3,35,114,155,35,58,25,7,6,5,6,5,5,4,6,5,4,4,5,4,4,5,4,4,3,4,4,3,4,3,3,3,5,2,3,4,3,3,3,3,3,3,3,4,4,6,10],"bins":[-0.006561804332187668,-0.00439502362530806,-0.002228242918428453,-6.146221154884526e-05,0.0021053184953307618,0.004272099202210369,0.0064388799090899776,0.008605660615969585,0.010772441322849192,0.0129392220297288,0.015106002736608407,0.017272783443488014,0.019439564150367624,0.02160634485724723,0.023773125564126838,0.02593990627100644,0.028106686977886052,0.030273467684765663,0.03244024839164526,0.03460702909852487,0.03677380980540448,0.03894059051228409,0.04110737121916369,0.0432741519260433,0.04544093263292291,0.047607713339802515,0.049774494046682126,0.05194127475356173,0.05410805546044134,0.056274836167320944,0.05844161687420055,0.060608397581080165,0.06277517828795977,0.06494195899483937,0.06710873970171899,0.06927552040859859,0.0714423011154782,0.0736090818223578,0.07577586252923742,0.07794264323611702,0.08010942394299662,0.08227620464987624,0.08444298535675585,0.08660976606363545,0.08877654677051505,0.09094332747739467,0.09311010818427427,0.09527688889115388,0.0974436695980335,0.0996104503049131,0.1017772310117927,0.1039440117186723,0.10611079242555192,0.10827757313243153,0.11044435383931113,0.11261113454619073,0.11477791525307035,0.11694469595994995,0.11911147666682956,0.12127825737370918,0.12344503808058876,0.12561181878746838,0.127778599494348,0.1299453802012276,0.1321121609081072]},"_timestamp":1.7462721927784905e+09}