{"_wandb":{"runtime":8185},"eq_dtheta_dt_final":"complexity                                                      13\nloss                                                      0.000372\nequation         (x3 * 0.00080232526) + ((3.052207 - (x15 * -47...\nscore                                                      0.21474\nsympy_format     x3*0.00080232526 + (3.052207 - (-47.092445)*x1...\nlambda_format    PySRFunction(X=>x3*0.00080232526 + (3.052207 -...\nName: 11, dtype: object","eq_dgamma_dt_final":"complexity                                                      20\nloss                                                      0.000065\nequation         (-0.39369357 / (x11 * ((abs(x0 + x16) + -1.895...\nscore                                                     0.086341\nsympy_format     -(1.77425180773268*x13 + 0.128778815678926) - ...\nlambda_format    PySRFunction(X=>-(1.77425180773268*x13 + 0.128...\nName: 18, dtype: object","_timestamp":1.7444766853951008e+09,"_runtime":8184.0090693,"_step":0}